Open,High,Low,Close,Adj Close,Volume,SMA_50,SMA_200,Price_Change,Volatility
118.72000122070312,121.19999694824219,118.1500015258789,120.70999908447266,117.96321105957031,112559200,116.92299942016602,88.5934997177124,-0.00396075045188371,4.36438881666694
121.27999877929688,121.55000305175781,118.80999755859375,119.0199966430664,116.3116683959961,115393800,117.02534942626953,88.81316219329834,-0.014000517390639566,4.288541452997248
119.95999908447266,120.41999816894531,115.66000366210938,115.9800033569336,113.34086608886719,120639300,117.12269943237305,89.02127471923828,-0.025541870037600223,4.135642977018589
116.19999694824219,118.9800033569336,115.62999725341797,117.51000213623047,114.8360366821289,124423700,117.21834945678711,89.23407474517822,0.013191918736096486,4.1532094725665285
116.66999816894531,118.70999908447266,116.44999694824219,116.87000274658203,114.21061706542969,89946000,117.36824951171874,89.44543724060058,-0.005446339698866431,4.144571778592594
117.44999694824219,118.04000091552734,114.58999633789062,115.75,113.1160888671875,101988000,117.42304946899414,89.64519973754882,-0.009583320957137431,4.140890971105513
116.38999938964844,116.55000305175781,114.27999877929688,115.04000091552734,112.42224884033203,82572600,117.42364944458008,89.83336223602295,-0.006133901377733508,4.105705212507842
114.01000213623047,116.55000305175781,112.87999725341797,115.05000305175781,112.43202209472656,111850700,117.42649948120118,90.02069976806641,8.694485527538376e-05,4.105039936776352
115.48999786376953,117.27999877929688,114.54000091552734,116.5999984741211,113.94674682617188,92276800,117.46634948730468,90.20749977111817,0.01347236315731326,4.114893837374752
115.05000305175781,115.43000030517578,111.0999984741211,111.19999694824219,108.66961669921875,143937800,117.37909942626953,90.37264976501464,-0.046312192080151804,4.1405257239576
112.37000274658203,116.93000030517578,112.19999694824219,115.31999969482422,112.69588470458984,146129200,117.37134948730468,90.5600747680664,0.03705038542851469,4.048183969428496
111.05999755859375,111.98999786376953,107.72000122070312,108.86000061035156,106.38285827636719,190272600,117.18304946899414,90.71032478332519,-0.05601802897648289,3.9205940535465085
109.11000061035156,110.68000030517578,107.31999969482422,108.7699966430664,106.29492950439453,122866900,116.87104934692383,90.85576225280762,-0.0008267863933540953,3.9861262536096076
109.66000366210938,111.48999786376953,108.7300033569336,110.44000244140625,107.92692565917969,107624400,116.56269943237305,91.01224975585937,0.01535355198934174,4.033142029076408
114.13999938964844,115.58999633789062,112.3499984741211,114.94999694824219,112.33428192138672,138235500,116.36519943237305,91.1898747253418,0.04083660274481349,3.742275531801612
117.94999694824219,119.62000274658203,116.87000274658203,119.02999877929688,116.32142639160156,126387100,116.21534942626953,91.38598720550537,0.03549370978140831,3.5470492429010445
118.31999969482422,119.19999694824219,116.12999725341797,118.69000244140625,116.18931579589844,114457900,116.08894943237304,91.58154972076416,-0.002856392013588449,3.526059702034535
120.5,121.98999786376953,116.05000305175781,116.31999969482422,113.86923217773438,154515300,115.9191993713379,91.7769622039795,-0.019968006553475526,3.521929842981912
115.55000305175781,117.58999633789062,114.12999725341797,115.97000122070312,113.526611328125,138023400,115.6577995300293,91.95969970703125,-0.003008927742772949,3.503949479528572
117.19000244140625,119.62999725341797,116.44000244140625,119.48999786376953,116.97245025634766,112295000,115.36399963378906,92.15172470092773,0.03035264815051164,3.559747467628947
119.62000274658203,120.52999877929688,118.56999969482422,119.20999908447266,116.69833374023438,103162300,115.12019973754883,92.34293720245361,-0.0023432821516667923,3.6017270982554197
119.44000244140625,119.66999816894531,117.87000274658203,119.26000213623047,116.74730682373047,81581900,115.08779983520508,92.55234970092773,0.00041945350341277,3.5895790321659935
118.91999816894531,120.98999786376953,118.1500015258789,120.30000305175781,117.76538848876953,91183000,115.07459991455079,92.76802471160889,0.008720450250699674,3.6579094169074247
119.55000305175781,120.66999816894531,118.95999908447266,119.38999938964844,116.87454986572266,74271000,115.20599990844727,92.96641220092773,-0.0075644525272193786,3.634193953929184
118.61000061035156,119.81999969482422,118.0,118.02999877929688,115.54322052001953,76322100,115.22019989013671,93.15474967956543,-0.011391243967704412,3.626474287362041
117.58999633789062,119.05999755859375,116.80999755859375,118.63999938964844,116.14036560058594,74113000,115.3231999206543,93.34143718719483,0.005168182806577715,3.621731066042945
118.63999938964844,118.7699966430664,117.29000091552734,117.33999633789062,114.86774444580078,73604300,115.4299998474121,93.52809967041016,-0.010957544322705348,3.622248281581422
117.18000030517578,117.62000274658203,113.75,113.8499984741211,111.4512710571289,127959300,115.3997998046875,93.69541217803955,-0.02974261098253128,3.384827357564091
113.91000366210938,115.8499984741211,112.58999633789062,115.16999816894531,112.74346160888672,113874200,115.39239974975585,93.87174968719482,0.011594200373434838,3.288541297574631
115.55000305175781,116.75,115.16999816894531,116.02999877929688,113.58533477783203,76499200,115.47039978027344,94.04289966583252,0.007467227785225905,3.165529142404248
116.56999969482422,117.48999786376953,116.22000122070312,116.58999633789062,114.133544921875,46691300,115.59539978027344,94.21976215362548,0.0048263170256421795,3.0547260036934567
116.97000122070312,120.97000122070312,116.80999755859375,119.05000305175781,116.54170989990234,169410200,115.83959991455077,94.40882465362549,0.021099637971836005,3.0557009731052536
121.01000213623047,123.47000122070312,120.01000213623047,122.72000122070312,120.13440704345703,127728200,116.09239990234374,94.623674659729,0.030827367281542672,3.281682937757344
122.0199966430664,123.37000274658203,120.88999938964844,123.08000183105469,120.48681640625,89004200,116.31779998779297,94.8345496749878,0.0029335121151452537,3.498166757806529
123.5199966430664,123.77999877929688,122.20999908447266,122.94000244140625,120.34976196289062,78967600,116.63419998168945,95.04887470245362,-0.0011374665873064016,3.68675699826795
122.5999984741211,122.86000061035156,121.5199966430664,122.25,119.6742935180664,78260400,116.91479995727539,95.26881221771241,-0.005612513646525374,3.8136030280454367
122.30999755859375,124.56999969482422,122.25,123.75,121.14269256591797,86712000,117.14419998168945,95.51483722686767,0.012269938650306678,3.9879104274277455
124.37000274658203,124.9800033569336,123.08999633789062,124.37999725341797,121.75941467285156,82225500,117.33259994506835,95.77663722991943,0.005090886896306879,4.168036542992334
124.52999877929688,125.94999694824219,121.0,121.77999877929688,119.21418762207031,115089200,117.48639999389648,96.01972473144531,-0.020903670457748325,4.232519973220442
120.5,123.87000274658203,120.1500015258789,123.23999786376953,120.6434326171875,81312200,117.635,96.29402473449707,0.011988824922872787,4.1592324667660385
122.43000030517578,122.76000213623047,120.55000305175781,122.41000366210938,119.8309326171875,86939800,117.74740005493165,96.56437477111817,-0.00673477942264844,4.193507500358406
122.5999984741211,123.3499984741211,121.54000091552734,121.77999877929688,119.21418762207031,79184500,117.92260009765624,96.7997622680664,-0.005146678081568545,3.827705447456061
124.33999633789062,127.9000015258789,124.12999725341797,127.87999725341797,125.18567657470703,157243700,118.1502000427246,97.07751224517823,0.050090314791152,3.683504536376525
127.41000366210938,128.3699951171875,126.55999755859375,127.80999755859375,125.11715698242188,98208600,118.4431999206543,97.33813724517822,-0.0005473858017489563,3.5796242014691755
128.89999389648438,129.5800018310547,128.0399932861328,128.6999969482422,125.98838806152344,94359800,118.71559982299804,97.61548721313477,0.006963456745552543,3.7795445432320993
128.9600067138672,129.10000610351562,126.12000274658203,126.66000366210938,123.99139404296875,192541500,118.94939987182617,97.8874997329712,-0.015850764059871847,3.9307244258890206
125.0199966430664,128.30999755859375,123.44999694824219,128.22999572753906,125.5282974243164,121251600,119.1745997619629,98.19593719482423,0.012395326227985448,4.138160164219691
131.61000061035156,134.41000366210938,129.64999389648438,131.8800048828125,129.10140991210938,168904800,119.32419982910156,98.49866222381591,0.028464550236973585,4.4824345929652685
132.16000366210938,132.42999267578125,130.77999877929688,130.9600067138672,128.2008056640625,88223700,119.52139999389648,98.80917476654052,-0.006976024680639181,4.665674695634599
131.32000732421875,133.4600067138672,131.10000610351562,131.97000122070312,129.1894989013672,54930100,119.73699996948243,99.15873727798461,0.007712236217600754,4.971874775120848
133.99000549316406,137.33999633789062,133.50999450683594,136.69000244140625,133.81007385253906,124486200,120.05660003662109,99.49472478866578,0.035765713245766495,5.5612184805043965
138.0500030517578,138.7899932861328,134.33999633789062,134.8699951171875,132.0283660888672,121047300,120.37360000610352,99.86631225585937,-0.013314853257091142,5.909670455103618
135.5800018310547,135.99000549316406,133.39999389648438,133.72000122070312,130.9026336669922,96452100,120.7283999633789,100.21883726119995,-0.008526684497060733,6.153194159723148
134.0800018310547,134.74000549316406,131.72000122070312,132.69000244140625,129.8943328857422,99116600,121.03199996948243,100.5739497756958,-0.007702653080273847,6.282907095831699
133.52000427246094,133.61000061035156,126.76000213623047,129.41000366210938,126.6834487915039,143301900,121.28279998779297,100.91502479553223,-0.024719260825586842,6.221860381357317
128.88999938964844,131.74000549316406,128.42999267578125,131.00999450683594,128.24972534179688,97664900,121.58799987792969,101.28352476119996,0.01236373386484213,6.2037691258189565
127.72000122070312,131.0500030517578,126.37999725341797,126.5999984741211,123.93264770507812,155088000,121.81919982910156,101.63606225967408,-0.0336615236823381,6.022041835893107
128.36000061035156,131.6300048828125,127.86000061035156,130.9199981689453,128.16163635253906,109578200,122.13659973144532,101.98206224441529,0.03412322074954277,5.669330268386818
132.42999267578125,132.6300048828125,130.22999572753906,132.0500030517578,129.267822265625,105158200,122.44559982299805,102.33541225433349,0.008631262592551314,5.36943993275078
129.19000244140625,130.1699981689453,128.5,128.97999572753906,126.26251983642578,100384500,122.80119979858398,102.65726222991944,-0.023248824333729434,4.98600988248611
128.5,129.69000244140625,126.86000061035156,128.8000030517578,126.08627319335938,91951100,123.07079986572266,102.99158723831177,-0.0013955084644402538,4.574218979640468
128.75999450683594,131.4499969482422,128.49000549316406,130.88999938964844,128.13226318359375,88636800,123.51139984130859,103.32752473831177,0.016226679257536736,4.3169803642912274
130.8000030517578,131.0,128.75999450683594,128.91000366210938,126.19398498535156,90221800,123.91419998168945,103.65421226501465,-0.015127173479807188,4.203930065808526
128.77999877929688,130.22000122070312,127.0,127.13999938964844,124.46126556396484,111598500,124.2481999206543,103.98877475738526,-0.013730542410815172,4.098289316690258
127.77999877929688,128.7100067138672,126.94000244140625,127.83000183105469,125.13674926757812,90757300,124.50580001831055,104.3217622756958,0.005427107477730786,3.9726640850321187
128.66000366210938,132.49000549316406,128.5500030517578,132.02999877929688,129.2482452392578,104319500,124.76580001831054,104.68014976501465,0.0328561127128284,3.8435703972623902
133.8000030517578,139.6699981689453,133.58999633789062,136.8699951171875,133.9862518310547,120150900,125.12939987182617,105.0364122390747,0.03665830782882318,3.99278970669199
136.27999877929688,139.85000610351562,135.02000427246094,139.07000732421875,136.13990783691406,114459400,125.58440002441407,105.40747478485108,0.016073736286376095,4.267974784377779
143.07000732421875,145.08999633789062,136.5399932861328,142.9199981689453,139.90879821777344,157611700,126.1233999633789,105.78948726654053,0.027683832904034755,4.639777955522584
143.60000610351562,144.3000030517578,141.3699951171875,143.16000366210938,140.14378356933594,98390600,126.5968000793457,106.1702997970581,0.0016792995818566414,4.987577851540854
143.42999267578125,144.3000030517578,140.41000366210938,142.05999755859375,139.0669403076172,140843800,127.05380004882812,106.53903728485108,-0.007683752971338942,5.09680902472468
139.52000427246094,141.99000549316406,136.6999969482422,137.08999633789062,134.20162963867188,142621100,127.41039993286132,106.86567478179931,-0.03498522670784365,4.823284192209343
135.8300018310547,136.74000549316406,130.2100067138672,131.9600067138672,129.17971801757812,177523800,127.64360000610351,107.16993732452393,-0.037420597863168426,4.752526478999006
133.75,135.3800048828125,130.92999267578125,134.13999938964844,131.31375122070312,106239800,127.93860000610351,107.48227481842041,0.01652010127968695,4.681891783499736
135.72999572753906,136.30999755859375,134.61000061035156,134.99000549316406,132.14590454101562,83305400,128.27780014038086,107.80372486114501,0.0063367087176327,4.6415605242297575
135.75999450683594,135.77000427246094,133.61000061035156,133.94000244140625,131.1179962158203,89880900,128.583800201416,108.12726238250733,-0.007778376242906226,4.496624017026159
136.3000030517578,137.39999389648438,134.58999633789062,137.38999938964844,134.49530029296875,84183100,128.98480026245116,108.47874988555908,0.025757778746879012,4.4682963541380785
137.35000610351562,137.4199981689453,135.86000061035156,136.75999450683594,134.07864379882812,75693800,129.44300018310548,108.81742485046387,-0.004585522131241526,4.501090707952486
136.02999877929688,136.9600067138672,134.9199981689453,136.91000366210938,134.22567749023438,71297200,129.87780029296874,109.1581873703003,0.0010968789214593766,4.515131318222569
136.6199951171875,137.8800048828125,135.85000610351562,136.00999450683594,133.34335327148438,76774200,130.27740020751952,109.4845248413086,-0.006573728224378961,4.521205406844923
136.47999572753906,136.99000549316406,134.39999389648438,135.38999938964844,132.7355194091797,73046600,130.6534002685547,109.80751232147217,-0.004558452630158305,4.499326269220748
135.89999389648438,136.38999938964844,133.77000427246094,135.1300048828125,132.4805908203125,64280000,130.97500030517577,110.1349373626709,-0.0019203376025409558,4.501674397284855
134.35000610351562,135.52999877929688,133.69000244140625,135.3699951171875,132.71588134765625,60145100,131.22800018310548,110.45212482452392,0.0017759951580194056,4.510409926835281
135.49000549316406,136.00999450683594,132.7899932861328,133.19000244140625,130.57864379882812,80576300,131.4302001953125,110.75082485198975,-0.016103957704172722,4.506780851970159
131.25,132.22000122070312,129.47000122070312,130.83999633789062,128.27468872070312,97918500,131.58820007324218,111.04368732452393,-0.017644012767020212,4.4650526294170225
129.1999969482422,130.0,127.41000366210938,129.7100067138672,127.16688537597656,96856700,131.73740020751953,111.32578735351562,-0.008636423537534132,4.500684748674177
130.24000549316406,130.7100067138672,128.8000030517578,129.8699951171875,127.3237075805664,87668800,131.85980010986327,111.60318733215333,0.0012334314627955312,4.354990472667327
128.00999450683594,129.72000122070312,125.5999984741211,126.0,123.52960968017578,103916400,131.89220016479493,111.8573998260498,-0.029798993321709433,4.563060037156847
123.76000213623047,126.70999908447266,118.38999938964844,125.86000061035156,123.3923568725586,158273000,131.97380020141603,112.1070248413086,-0.0011111062670511318,4.781810449831634
124.94000244140625,125.55999755859375,122.2300033569336,125.3499984741211,122.89234924316406,111039900,132.01600021362304,112.34611232757568,-0.004052138358153767,4.94688094673097
124.68000030517578,126.45999908447266,120.54000091552734,120.98999786376953,118.61783599853516,148199500,131.98760009765624,112.5572998046875,-0.0347826139882379,5.389505350683178
122.58999633789062,124.8499984741211,121.19999694824219,121.26000213623047,118.88253021240234,164560400,131.9772001647949,112.77433731079101,0.002231624739467808,5.806146654327985
123.75,127.93000030517578,122.79000091552734,127.79000091552734,125.28450775146484,116307900,131.9754002380371,113.02872482299804,0.05385121774911972,5.836461366617992
128.41000366210938,128.72000122070312,125.01000213623047,125.12000274658203,122.66685485839844,102260900,131.92160034179688,113.26739982604981,-0.02089363917220921,5.916317553703644
124.80999755859375,125.70999908447266,121.83999633789062,122.05999755859375,119.66686248779297,112966300,131.7888003540039,113.49306232452392,-0.024456562666370862,6.17280818016194
121.75,123.5999984741211,118.62000274658203,120.12999725341797,117.77469635009766,178155000,131.6582002258301,113.70001232147217,-0.015811898605432195,6.582198562045793
120.9800033569336,121.94000244140625,117.56999969482422,121.41999816894531,119.03939819335938,153766600,131.5220002746582,113.91568729400635,0.01073837463598748,6.808330443066061
120.93000030517578,121.0,116.20999908447266,116.36000061035156,114.07860565185547,154376600,131.21160018920898,114.0984497833252,-0.04167351041756073,7.214417939994348
119.02999877929688,122.05999755859375,118.79000091552734,121.08999633789062,118.71585083007812,129525800,131.01419998168944,114.30783725738526,0.04064967087253768,7.067204200118252
121.69000244140625,122.16999816894531,119.44999694824219,119.9800033569336,117.62763977050781,111943300,130.77440002441406,114.50912475585938,-0.009166677797724065,6.870885212936449
122.54000091552734,123.20999908447266,121.26000213623047,121.95999908447266,119.56880950927734,103026500,130.4797999572754,114.72301223754883,0.016502714386902317,6.574685823408533
120.4000015258789,121.16999816894531,119.16000366210938,121.02999877929688,118.65705871582031,88105100,130.2030000305176,114.93052474975586,-0.007625453527034254,6.530258438577401
121.41000366210938,124.0,120.41999816894531,123.98999786376953,121.55900573730469,92403800,130.0083999633789,115.1526622390747,0.0244567389434609,6.536939467031681
125.69999694824219,127.22000122070312,124.72000122070312,125.56999969482422,123.10803985595703,115227900,129.86599990844726,115.38308723449707,0.012742978129499427,6.446036020729657
124.05000305175781,125.86000061035156,122.33999633789062,124.76000213623047,122.31391143798828,111932600,129.7729998779297,115.60457473754883,-0.006450565903976302,6.317230734324873
122.87999725341797,123.18000030517578,120.31999969482422,120.52999877929688,118.16683959960938,121229700,129.5633999633789,115.80304973602296,-0.033905124114334995,6.31106674710753
119.9000015258789,121.43000030517578,119.68000030517578,119.98999786376953,117.63743591308594,185549500,129.43119995117186,115.99659973144531,-0.004480220036475302,6.112803306610725
120.33000183105469,123.87000274658203,120.26000213623047,123.38999938964844,120.97077941894531,111912300,129.28059997558594,116.21064971923828,0.028335707862409354,5.807214005962769
123.33000183105469,124.23999786376953,122.13999938964844,122.54000091552734,120.13743591308594,95467100,129.09039993286132,116.40897472381592,-0.006888714468965329,5.449525033754637
122.81999969482422,122.9000015258789,120.06999969482422,120.08999633789062,117.73548126220703,88530500,128.91259994506837,116.59259971618653,-0.019993508726392273,5.1498912090667766
119.54000091552734,121.66000366210938,119.0,120.58999633789062,118.22564697265625,98844700,128.74839981079103,116.765562210083,0.0041635441356262515,4.807027540659892
120.3499984741211,121.4800033569336,118.91999816894531,121.20999908447266,118.8335189819336,94071200,128.5547998046875,116.93056221008301,0.005141411107143501,4.3891126279850745
121.6500015258789,122.58000183105469,120.7300033569336,121.38999938964844,119.00999450683594,80819200,128.40439971923828,117.11763721466065,0.0014850285169158983,3.841061627924282
120.11000061035156,120.4000015258789,118.86000061035156,119.9000015258789,117.54920959472656,85671900,128.2595997619629,117.29363723754882,-0.012274469653688724,3.425071827105705
121.6500015258789,123.5199966430664,121.1500015258789,122.1500015258789,119.75508880615234,118323800,128.14599975585938,117.47564975738526,0.018765637792876655,3.0927513903894326
123.66000366210938,124.18000030517578,122.48999786376953,123.0,120.58841705322266,75089100,127.96539978027344,117.65054977416992,0.006958644809685222,2.7997557635566963
123.87000274658203,126.16000366210938,123.06999969482422,125.9000015258789,123.43157196044922,88651200,127.74599990844726,117.84056228637695,0.02357724817787732,2.5198253881810038
126.5,127.12999725341797,125.6500015258789,126.20999908447266,123.7354736328125,80171300,127.48879974365235,118.03194976806641,0.002462252222689809,2.5304974487982803
125.83000183105469,127.91999816894531,125.13999938964844,127.9000015258789,125.3923568725586,83466700,127.18839981079101,118.23429977416993,0.013390400551981152,2.651556714300319
128.9499969482422,130.38999938964844,128.52000427246094,130.36000061035156,127.80409240722656,88844600,126.93239974975586,118.43751228332519,0.019233769000189582,2.9778677260587805
129.8000030517578,133.0399932861328,129.47000122070312,133.0,130.39239501953125,106686700,126.75119979858398,118.64434978485107,0.020251606146730827,3.5105488660746955
132.52000427246094,132.85000610351562,130.6300048828125,131.24000549316406,128.66685485839844,91420000,126.63419998168945,118.85047481536866,-0.013233041404781432,3.798815432871111
132.44000244140625,134.66000366210938,131.92999267578125,134.42999267578125,131.79429626464844,91266500,126.68359970092773,119.0665747833252,0.024306515156183428,4.234568515092628
134.94000244140625,135.0,131.66000366210938,132.02999877929688,129.44137573242188,87222800,126.6413996887207,119.28468727111816,-0.017853113347054084,4.500978798063902
133.82000732421875,135.0,133.63999938964844,134.5,131.86293029785156,89347100,126.63159957885742,119.50496227264404,0.018707878842231906,4.890679307974916
134.3000030517578,134.6699981689453,133.27999877929688,134.16000366210938,131.5296173095703,84922400,126.63599960327149,119.71976230621338,-0.002527853813313219,5.149892403331302
133.50999450683594,135.47000122070312,133.33999633789062,134.83999633789062,132.19625854492188,94264200,126.58499954223633,119.93882480621338,0.005068520104500429,5.431306160489067
135.02000427246094,135.52999877929688,131.80999755859375,133.11000061035156,130.5001983642578,94812300,126.51199966430664,120.14923732757569,-0.012829989428388311,5.358450608266314
132.36000061035156,133.75,131.3000030517578,133.5,130.8825225830078,68847100,126.44379959106445,120.3494248199463,0.002929902996470446,5.468604554092263
133.0399932861328,134.14999389648438,131.41000366210938,131.94000244140625,129.35316467285156,84566500,126.36239974975587,120.54326232910157,-0.011685374970739737,5.44232242220035
132.16000366210938,135.1199951171875,132.16000366210938,134.32000732421875,131.68649291992188,78657500,126.34099990844726,120.73814987182617,0.01803853902359487,5.552951602347258
134.8300018310547,135.05999755859375,133.55999755859375,134.72000122070312,132.07861328125,66905100,126.33279983520508,120.93298736572265,0.002977917470767144,5.6144854304928975
135.00999450683594,135.41000366210938,134.11000061035156,134.38999938964844,131.7550811767578,66015800,126.3131999206543,121.12533737182618,-0.002449538509980198,5.7183632231218855
134.30999755859375,135.02000427246094,133.0800018310547,133.5800018310547,130.96099853515625,107760100,126.32099990844726,121.3158498764038,-0.0060272160300057775,5.800823567087598
136.47000122070312,137.07000732421875,132.4499969482422,133.47999572753906,130.86294555664062,151101000,126.37379989624023,121.4979623413086,-0.0007486607437100501,5.851693128208637
131.77999877929688,133.55999755859375,131.07000732421875,131.4600067138672,128.8825225830078,109839500,126.40879989624024,121.66663738250732,-0.015133271488823707,5.690591458612141
132.0399932861328,134.07000732421875,131.8300018310547,132.5399932861328,129.94134521484375,75135100,126.46219985961915,121.84672485351562,0.008215324183090233,5.490239076499265
131.19000244140625,131.49000549316406,126.69999694824219,127.8499984741211,125.34334564208984,137564700,126.49919982910156,122.004337348938,-0.035385506636376296,5.390829882887914
129.1999969482422,130.4499969482422,127.97000122070312,128.10000610351562,125.58843231201172,84000900,126.54399993896484,122.15304988861084,0.0019554762016296134,5.247238947783067
127.88999938964844,129.75,127.12999725341797,129.74000549316406,127.19625091552734,78128300,126.63180007934571,122.31674991607666,0.01280249267375666,4.944094663544892
130.85000610351562,131.25999450683594,129.47999572753906,130.2100067138672,127.8739242553711,78973300,126.81620025634766,122.48143745422364,0.003622639130594907,4.633888955148521
129.41000366210938,129.5399932861328,126.80999755859375,126.8499984741211,124.57418060302734,88071200,126.92800018310547,122.65146244049072,-0.025804531652698692,4.370263080626132
123.5,126.2699966430664,122.7699966430664,125.91000366210938,123.65104675292969,126142800,126.8904002380371,122.81793746948242,-0.007410286348592199,4.126209962212031
123.4000015258789,124.63999938964844,122.25,122.7699966430664,120.5673599243164,112172300,126.8434001159668,122.95773746490478,-0.02493850311901713,3.902100108523985
124.58000183105469,126.1500015258789,124.26000213623047,124.97000122070312,122.72791290283203,105861300,126.90160018920898,123.11632495880127,0.017919724996269926,3.7246188405382243
126.25,127.88999938964844,125.8499984741211,127.44999694824219,125.16340637207031,81918000,127.04800018310547,123.27837493896484,0.019844728361323005,3.4943644722573817
126.81999969482422,126.93000030517578,125.16999816894531,126.2699966430664,124.00459289550781,74244600,127.1450001525879,123.42877490997314,-0.009258535374112142,3.4773946995799667
126.55999755859375,126.98999786376953,124.77999877929688,124.8499984741211,122.61006927490234,63342900,127.31480010986328,123.5217248916626,-0.011245729046459818,3.546498779333475
123.16000366210938,124.91999816894531,122.86000061035156,124.69000244140625,122.45292663574219,92612000,127.38680023193359,123.60048740386964,-0.0012815060846637083,3.679276292765605
125.2300033569336,127.72000122070312,125.0999984741211,127.30999755859375,125.02593231201172,76857100,127.5334001159668,123.68871238708496,0.021012070461853494,3.72725801147967
127.81999969482422,128.0,125.20999908447266,125.43000030517578,123.17964935302734,79295400,127.60280014038086,123.76554988861083,-0.014767082628783457,3.8057450698059023
126.01000213623047,127.94000244140625,125.94000244140625,127.0999984741211,124.81968688964844,63092900,127.72420013427734,123.83153739929199,0.01331418452429367,3.8424170329321283
127.81999969482422,128.32000732421875,126.31999969482422,126.9000015258789,124.62327575683594,72009500,127.78240020751953,123.9104748916626,-0.0015735401309459052,3.794328904470898
126.95999908447266,127.38999938964844,126.41999816894531,126.8499984741211,124.57418060302734,56575900,127.80800018310546,123.98108737945557,-0.0003940350760958111,3.808706918211271
126.44000244140625,127.63999938964844,125.08000183105469,125.27999877929688,123.03235626220703,94625600,127.8184001159668,124.06061237335206,-0.012376820762394547,3.776516654273337
125.56999969482422,125.80000305175781,124.55000305175781,124.61000061035156,122.37437438964844,71311100,127.9000001525879,124.11861236572265,-0.005348005870638883,3.7597515190710804
125.08000183105469,125.3499984741211,123.94000244140625,124.27999877929688,122.05028533935547,67637100,127.98580017089844,124.16496234893799,-0.002648277260559384,3.6911358746002048
124.27999877929688,125.23999786376953,124.05000305175781,125.05999755859375,122.81626892089844,59278900,128.01920013427736,124.21572483062744,0.006276140867059743,3.65051565703171
124.68000030517578,124.8499984741211,123.12999725341797,123.54000091552734,121.32356262207031,76229200,128.03920013427734,124.26038734436035,-0.012154139395007202,3.624803402451474
124.06999969482422,126.16000366210938,123.8499984741211,125.88999938964844,123.63139343261719,75169300,128.1552001953125,124.3120248413086,0.019022166559055975,3.5706338776000965
126.16999816894531,126.31999969482422,124.83000183105469,125.9000015258789,123.64122772216797,71057600,128.26140029907228,124.36298736572266,7.945139629006448e-05,3.3723871138319477
126.5999984741211,128.4600067138672,126.20999908447266,126.73999786376953,124.46614074707031,74403800,128.3720002746582,124.4053123474121,0.006671932706195927,3.094648979078746
127.20999908447266,127.75,126.5199966430664,127.12999725341797,124.84915924072266,56877900,128.4868002319336,124.4191123199463,0.003077161087438496,2.7929505193635866
127.0199966430664,128.19000244140625,125.94000244140625,126.11000061035156,123.84746551513672,71186400,128.61100021362304,124.42037483215331,-0.008023257021182562,2.5135273255540675
126.52999877929688,127.44000244140625,126.0999984741211,127.3499984741211,125.06520080566406,53522400,128.7150001525879,124.43299983978271,0.009832668763525065,2.1827171229507845
127.81999969482422,130.5399932861328,127.06999969482422,130.47999572753906,128.13902282714844,96906500,128.86460006713867,124.45278732299805,0.024577913552578545,2.11432336495883
129.94000244140625,130.60000610351562,129.38999938964844,129.63999938964844,127.3141098022461,62746300,128.93940002441406,124.47593730926513,-0.006437740384699686,1.8877939175530647
130.3699951171875,130.88999938964844,128.4600067138672,130.14999389648438,127.8149642944336,91815000,129.0181999206543,124.50264976501465,0.003933928642679829,1.9881803460757788
129.8000030517578,132.5500030517578,129.64999389648438,131.7899932861328,129.42552185058594,96721700,129.09599975585937,124.51639976501465,0.012600841079968284,2.1891059332377303
130.7100067138672,131.50999450683594,130.24000549316406,130.4600067138672,128.119384765625,108953300,129.09799987792968,124.49779983520507,-0.010091711359132227,2.227106495531484
130.3000030517578,132.41000366210938,129.2100067138672,132.3000030517578,129.9263916015625,79663300,129.08399993896484,124.50229988098144,0.014103911108376721,2.3678830286116312
132.1300048828125,134.0800018310547,131.6199951171875,133.97999572753906,131.57623291015625,74783600,129.13879974365236,124.56779987335204,0.012698357044814257,2.7064800903328816
133.77000427246094,134.32000732421875,133.22999572753906,133.6999969482422,131.30130004882812,60214200,129.12419982910157,124.63149986267089,-0.002089855114387973,2.9565070000078717
134.4499969482422,134.63999938964844,132.92999267578125,133.41000366210938,131.01649475097656,68711000,129.1517999267578,124.73444988250732,-0.0021689849869261923,3.031665315497565
133.4600067138672,133.88999938964844,132.80999755859375,133.11000061035156,130.72186279296875,70783700,129.12399993896486,124.81339988708496,-0.00224872980678148,3.1452991648276987
133.41000366210938,135.25,133.35000610351562,134.77999877929688,132.3618927001953,62111300,129.1363998413086,124.9198498916626,0.012546000760933262,3.3828361982917756
134.8000030517578,136.49000549316406,134.35000610351562,136.3300018310547,133.88409423828125,64556100,129.16619995117188,125.04149990081787,0.011500245331623304,3.6741066302359564
136.1699981689453,137.41000366210938,135.8699951171875,136.9600067138672,134.50277709960938,63261400,129.24320007324218,125.14949993133546,0.0046211756352296796,3.9159815610952236
136.60000610351562,137.3300018310547,135.75999450683594,137.27000427246094,134.80723571777344,52485800,129.3186001586914,125.25814994812012,0.002263416642797056,4.117046442441379
137.89999389648438,140.0,137.75,139.9600067138672,137.44894409179688,78852600,129.47900024414062,125.39729999542236,0.01959643299833358,4.530301132739738
140.07000732421875,143.14999389648438,140.07000732421875,142.02000427246094,139.4720001220703,108181800,129.63300018310548,125.55570003509521,0.01471847284778427,4.975500729284552
143.5399932861328,144.88999938964844,142.66000366210938,144.57000732421875,141.97625732421875,104911600,129.8300003051758,125.74435009002686,0.01795523852305836,5.574075361145061
141.5800018310547,144.05999755859375,140.6699981689453,143.24000549316406,140.67013549804688,105575500,130.00700042724608,125.9101501083374,-0.009199707848613237,5.956466339710486
142.75,145.64999389648438,142.64999389648438,145.11000061035156,142.5065460205078,99890800,130.23760040283204,126.0766501235962,0.013054977977341231,6.389563550790381
146.2100067138672,146.32000732421875,144.0,144.5,141.90750122070312,76299700,130.45800048828124,126.26355010986327,-0.004203711720665804,6.646942679314545
144.02999877929688,147.4600067138672,143.6300048828125,145.63999938964844,143.02703857421875,100827100,130.74160034179687,126.450650100708,0.007889269132515198,6.871756947893945
148.10000610351562,149.57000732421875,147.67999267578125,149.14999389648438,146.47406005859375,127050800,131.0738003540039,126.63500007629395,0.024100484218248397,7.227046180892971
149.24000549316406,150.0,147.08999633789062,148.47999572753906,145.81610107421875,106820300,131.48640029907227,126.80260005950927,-0.004492109932034749,7.465667494113939
148.4600067138672,149.75999450683594,145.8800048828125,146.38999938964844,143.76361083984375,93251400,131.8522001647949,126.96410007476807,-0.014075945568625792,7.4227473928393755
143.75,144.07000732421875,141.6699981689453,142.4499969482422,139.89427185058594,121434600,132.10639999389647,127.0973000717163,-0.026914423511397723,7.27845959266053
143.4600067138672,147.10000610351562,142.9600067138672,146.14999389648438,143.52793884277344,96350000,132.42519973754884,127.24410003662109,0.025974005107115117,7.219136233620601
145.52999877929688,146.1300048828125,144.6300048828125,145.39999389648438,142.79135131835938,74993500,132.7961996459961,127.40600002288818,-0.005131714206784155,7.109624974625529
145.94000244140625,148.1999969482422,145.80999755859375,146.8000030517578,144.16624450683594,77338200,133.21399963378906,127.55750003814697,0.009628674099327439,7.01713487234312
147.5500030517578,148.72000122070312,146.9199981689453,148.55999755859375,145.89466857910156,71447400,133.72979965209962,127.73450000762939,0.011989063148829748,6.8727654875892155
148.27000427246094,149.8300018310547,147.6999969482422,148.99000549316406,146.31695556640625,72434100,134.21019973754883,127.90405002593994,0.002894506876931713,6.7417707843441015
149.1199951171875,149.2100067138672,145.5500030517578,146.77000427246094,144.13682556152344,104818600,134.5965998840332,128.06305004119872,-0.014900336524955593,6.626455606442745
144.80999755859375,146.97000122070312,142.5399932861328,144.97999572753906,142.37890625,118931200,134.97079986572265,128.20310001373292,-0.012196010716187922,6.364697067197779
144.69000244140625,146.5500030517578,144.5800018310547,145.63999938964844,143.02703857421875,56699500,135.38659988403322,128.30930000305176,0.0045523774421245555,6.095210781920068
144.3800048828125,146.3300018310547,144.11000061035156,145.86000061035156,143.24310302734375,70440600,135.80999984741212,128.4331000137329,0.001510582406104799,5.875882757207401
146.36000061035156,146.9499969482422,145.25,145.52000427246094,142.90919494628906,62880000,136.17419998168944,128.5547500228882,-0.002330977214232255,5.50855432375778
145.80999755859375,148.0399932861328,145.17999267578125,147.36000061035156,144.71621704101562,64786600,136.61279998779298,128.68800003051757,0.012644284523559701,5.249001222860478
147.27000427246094,147.7899932861328,146.27999877929688,146.9499969482422,144.3135528564453,56368300,137.0097999572754,128.82765003204346,-0.00278232668574363,5.029658639396017
146.97999572753906,147.83999633789062,146.1699981689453,147.05999755859375,144.4215850830078,46397700,137.41299987792968,128.98305000305174,0.0007485580989179397,4.742623435525634
146.35000610351562,147.11000061035156,145.6300048828125,146.13999938964844,143.73312377929688,54126800,137.79879989624024,129.12619998931885,-0.006255937605185613,4.348202207391442
146.1999969482422,146.6999969482422,145.52000427246094,146.08999633789062,143.68394470214844,48908700,138.21499984741212,129.27229995727538,-0.0003421585600564825,3.8354389831233506
146.44000244140625,147.7100067138672,145.3000030517578,145.60000610351562,143.20199584960938,69023100,138.6347999572754,129.42154998779296,-0.00335403002709167,3.36999834821528
146.0500030517578,146.72000122070312,145.52999877929688,145.86000061035156,143.4577178955078,48493500,139.06639999389648,129.57564998626708,0.00178567648308392,2.9622486166712947
146.19000244140625,149.0500030517578,145.83999633789062,148.88999938964844,146.43783569335938,72282600,139.5430000305176,129.74484996795655,0.020773335846824503,2.598862822103975
148.97000122070312,149.44000244140625,148.27000427246094,149.10000610351562,146.6443634033203,59375000,140.05420013427735,129.9073500061035,0.0014104823341263284,2.153889769651741
148.5399932861328,151.19000244140625,146.47000122070312,151.1199951171875,148.63113403320312,103296000,140.55880004882812,130.10694999694823,0.013547880154139325,2.0400488839377244
150.22999572753906,151.67999267578125,149.08999633789062,150.19000244140625,147.71641540527344,92229700,141.04460006713867,130.28130001068115,-0.006154001494375949,1.9872341815963155
149.8000030517578,150.72000122070312,146.14999389648438,146.36000061035156,143.94949340820312,86326000,141.43700012207032,130.46880001068115,-0.025501043803157875,1.950128129027663
145.02999877929688,148.0,144.5,146.6999969482422,144.28387451171875,86960300,141.8284001159668,130.65845001220703,0.002323014050784167,1.8389119121086388
147.44000244140625,148.5,146.77999877929688,148.19000244140625,145.74937438964844,60549600,142.2700001525879,130.84720001220703,0.010156820205591055,1.827615044033221
148.30999755859375,150.19000244140625,147.88999938964844,149.7100067138672,147.24432373046875,60131800,142.7172003173828,131.02100006103515,0.010257131030562805,1.8395527006969967
149.4499969482422,150.86000061035156,149.14999389648438,149.6199951171875,147.15579223632812,48606400,143.10000030517577,131.1739500427246,-0.0006012396810035625,1.8760214100882167
149.80999755859375,150.32000732421875,147.8000030517578,148.36000061035156,145.9165496826172,58991300,143.47440032958986,131.32230003356935,-0.008421297606974743,1.8531498667688944
148.35000610351562,149.1199951171875,147.50999450683594,147.5399932861328,145.11004638671875,48597200,143.82220031738282,131.47840000152587,-0.005527145597501004,1.8382340424383685
147.47999572753906,148.75,146.8300018310547,148.60000610351562,146.152587890625,55802400,144.15840057373046,131.64155002593995,0.007184579541948732,1.851171495945271
149.0,153.49000549316406,148.61000061035156,153.1199951171875,150.59812927246094,90956700,144.61160034179687,131.80970001220703,0.03041715227469921,1.9268407913216559
152.66000366210938,152.8000030517578,151.2899932861328,151.8300018310547,149.32940673828125,86453100,145.0022003173828,131.97280002593993,-0.008424721311841354,2.056740846909353
152.8300018310547,154.97999572753906,152.33999633789062,152.50999450683594,149.99818420410156,80313700,145.37280029296875,132.13904998779296,0.004478644981759983,2.1808801719342146
153.8699951171875,154.72000122070312,152.39999389648438,153.64999389648438,151.11944580078125,71115500,145.77180023193358,132.3057999420166,0.007474915944589711,2.3985637608830386
153.75999450683594,154.6300048828125,153.08999633789062,154.3000030517578,151.75872802734375,57808700,146.18960021972657,132.48034996032715,0.0042304535053308,2.642421828285475
154.97000122070312,157.25999450683594,154.38999938964844,156.69000244140625,154.10935974121094,82278300,146.66120025634766,132.67364997863768,0.01548930228372547,3.0432286005821916
156.97999572753906,157.0399932861328,153.97999572753906,155.11000061035156,152.555419921875,74420200,147.06780029296874,132.8559999847412,-0.010083616098260806,3.2377318406570543
155.49000549316406,156.11000061035156,153.9499969482422,154.07000732421875,151.5325164794922,57305700,147.42260040283202,133.03965003967286,-0.006704875778740793,3.277997098313536
155.0,155.47999572753906,148.6999969482422,148.97000122070312,146.5165252685547,140893200,147.66280029296874,133.21525005340575,-0.03310187486902216,3.2068679938768674
150.6300048828125,151.4199981689453,148.75,149.5500030517578,147.0869598388672,102404300,147.9084002685547,133.38715007781983,0.003893413615506436,3.137657156719351
150.35000610351562,151.07000732421875,146.91000366210938,148.1199951171875,145.6805419921875,109296300,148.0716000366211,133.54760005950928,-0.009562072252685905,3.0590859264684487
148.55999755859375,149.44000244140625,146.3699951171875,149.02999877929688,146.57553100585938,83281300,148.2117999267578,133.7098000717163,0.006143692223250508,3.0323985535737044
148.44000244140625,148.97000122070312,147.22000122070312,148.7899932861328,146.33944702148438,68034100,148.2961996459961,133.8585000228882,-0.0016104508832446296,2.9946054037239547
148.82000732421875,148.82000732421875,145.75999450683594,146.05999755859375,143.65444946289062,129868800,148.3525994873047,133.97520000457763,-0.018347979371765355,3.0303077615048513
143.8000030517578,144.83999633789062,141.27000427246094,142.94000244140625,140.5858154296875,123478900,148.30919952392577,134.07450000762938,-0.02136105141269684,3.2095855959782615
143.92999267578125,144.60000610351562,142.77999877929688,143.42999267578125,141.06771850585938,75834000,148.28779937744142,134.17694995880126,0.003427943374884501,3.3426136168078973
144.4499969482422,146.42999267578125,143.6999969482422,145.85000610351562,143.4478759765625,76404300,148.29199951171876,134.29494998931884,0.016872436389261614,3.3329381661230717
146.64999389648438,147.0800018310547,145.63999938964844,146.8300018310547,144.41177368164062,64838200,148.24559967041014,134.41034999847412,0.0067192025130498045,3.3012098762205837
145.66000366210938,147.47000122070312,145.55999755859375,146.9199981689453,144.50025939941406,53477900,148.2143997192383,134.52305000305176,0.0006129288072487249,3.333356825685935
145.47000122070312,145.9600067138672,143.82000732421875,145.3699951171875,142.97579956054688,74150700,148.19399963378908,134.6409999847412,-0.010549980064493591,3.4151147837640825
143.25,144.75,141.69000244140625,141.91000366210938,139.57276916503906,108972300,148.1831997680664,134.73435001373292,-0.0238012765446467,3.6531746660336024
142.47000122070312,144.4499969482422,142.02999877929688,142.8300018310547,140.47763061523438,74602000,148.1167999267578,134.83645000457764,0.006482969101571312,3.8148032736844115
143.66000366210938,144.3800048828125,141.27999877929688,141.5,139.16952514648438,89056700,148.03880004882814,134.93505001068115,-0.009311781936598096,4.018239091341533
141.89999389648438,142.9199981689453,139.11000061035156,142.64999389648438,140.30056762695312,94639600,147.95579986572267,135.00889999389648,0.00812716534617941,4.150255182100452
141.75999450683594,142.2100067138672,138.27000427246094,139.13999938964844,136.84841918945312,98322000,147.76739990234375,135.06555000305175,-0.02460564077824645,4.486470764728042
139.49000549316406,142.24000549316406,139.36000061035156,141.11000061035156,138.78599548339844,80861100,147.6097998046875,135.1276000213623,0.014158410445197056,4.656006389630099
139.47000122070312,142.14999389648438,138.3699951171875,142.0,139.6613006591797,83221100,147.51439971923827,135.20430000305177,0.00630713192402288,4.7643966876759745
143.05999755859375,144.22000122070312,142.72000122070312,143.2899932861328,140.9300537109375,61732700,147.48059967041016,135.27959999084473,0.009084459761498742,4.826972198006965
144.02999877929688,144.17999267578125,142.55999755859375,142.89999389648438,140.54649353027344,58773200,147.42579956054686,135.33469993591308,-0.00272174895611621,4.8980358964474835
142.27000427246094,144.80999755859375,141.80999755859375,142.80999755859375,140.4579620361328,64452200,147.36479949951172,135.39394989013672,-0.0006297854565047167,4.958835922518343
143.22999572753906,143.25,141.0399932861328,141.50999450683594,139.1793670654297,73035900,147.28459930419922,135.44164985656738,-0.009103025516294383,4.926504680572847
141.24000549316406,141.39999389648438,139.1999969482422,140.91000366210938,138.58926391601562,78762700,147.15559936523437,135.4627498626709,-0.004239918507647045,4.939506464146668
142.11000061035156,143.8800048828125,141.50999450683594,143.75999450683594,141.39231872558594,69907100,147.09179931640625,135.50719985961913,0.02022561046524851,4.820642851320016
143.77000427246094,144.89999389648438,143.50999450683594,144.83999633789062,142.45452880859375,67940300,147.04739929199218,135.56279983520508,0.007512533892058082,4.6063298873327
143.4499969482422,146.83999633789062,143.16000366210938,146.5500030517578,144.13636779785156,85589200,147.05559936523437,135.63209983825683,0.01180617755525204,4.320048813403552
147.00999450683594,149.1699981689453,146.5500030517578,148.75999450683594,146.30995178222656,76378900,147.1089993286133,135.72884979248047,0.01508011879261173,3.8271699794498524
148.6999969482422,149.75,148.1199951171875,149.25999450683594,146.80172729492188,58418800,147.18219909667968,135.82009979248048,0.003361118704377386,3.436584355716336
148.80999755859375,149.63999938964844,147.8699951171875,149.47999572753906,147.0181121826172,61421000,147.25459899902344,135.93449977874755,0.0014739463272126496,3.107855745386583
149.69000244140625,150.17999267578125,148.63999938964844,148.69000244140625,146.2411346435547,58883400,147.2505990600586,136.02334980010986,-0.005284943194491021,3.0956151057584824
148.67999267578125,149.3699951171875,147.6199951171875,148.63999938964844,146.1919403076172,50720600,147.24139892578125,136.10629978179932,-0.0003362906109138919,3.052567454528912
149.3300018310547,150.83999633789062,149.00999450683594,149.32000732421875,146.86077880859375,60893400,147.20539916992186,136.2079998397827,0.004574865025313457,3.104149472536361
149.36000061035156,149.72999572753906,148.49000549316406,148.85000610351562,146.3985137939453,56094900,147.17859924316406,136.3082498550415,-0.0031476104851951847,3.096060412791059
149.82000732421875,153.1699981689453,149.72000122070312,152.57000732421875,150.05722045898438,100077900,147.3027993774414,136.41664989471437,0.02499160946030532,3.3281868455188284
147.22000122070312,149.94000244140625,146.41000366210938,149.8000030517578,147.33282470703125,124953200,147.36479949951172,136.5210998916626,-0.0181556278395828,3.436661577584721
148.99000549316406,149.6999969482422,147.8000030517578,148.9600067138672,146.50668334960938,74588300,147.38019958496093,136.6301999282837,-0.005607452074619768,3.47882660368882
148.66000366210938,151.57000732421875,148.64999389648438,150.02000427246094,147.54922485351562,69122000,147.3863995361328,136.74114994049071,0.007115987586049588,3.5606376349079714
150.38999938964844,151.97000122070312,149.82000732421875,151.49000549316406,148.9949951171875,54511500,147.42379974365235,136.83844997406007,0.009798701365408391,3.72132778006252
151.5800018310547,152.42999267578125,150.63999938964844,150.9600067138672,148.4737548828125,60394600,147.47579986572265,136.90890003204345,-0.003498572579567205,3.8370360690528287
151.88999938964844,152.1999969482422,150.05999755859375,151.27999877929688,149.00559997558594,65463900,147.55059997558592,136.96994998931885,0.0021197141706292832,3.957929612054814
151.41000366210938,151.57000732421875,150.16000366210938,150.44000244140625,148.17823791503906,55020900,147.58739990234375,137.00755001068114,-0.005552593499925207,4.035868486857061
150.1999969482422,151.42999267578125,150.05999755859375,150.80999755859375,148.54266357421875,56787900,147.54119995117188,137.04579998016357,0.0024594197765426262,4.0361726705167245
150.02000427246094,150.1300048828125,147.85000610351562,147.9199981689453,145.69613647460938,65187100,147.4629998779297,137.07509998321532,-0.01916318172822462,3.983023440723155
148.9600067138672,149.42999267578125,147.67999267578125,147.8699951171875,145.64688110351562,41000000,147.37019989013672,137.12899997711182,-0.0003380411869712274,3.8657530947313963
148.42999267578125,150.39999389648438,147.47999572753906,149.99000549316406,147.73500061035156,63804000,147.2970001220703,137.2191499710083,0.014336988205730705,3.820397679827287
150.3699951171875,151.8800048828125,149.42999267578125,150.0,147.74484252929688,59222800,147.21100006103515,137.29844997406005,6.663448543164918e-05,3.5414367753863414
149.94000244140625,151.49000549316406,149.33999633789062,151.0,148.72984313964844,59256200,147.09720001220703,137.37849994659425,0.006666666666666599,3.383567887419918
151.0,155.0,150.99000549316406,153.49000549316406,151.18240356445312,88807000,147.06480010986328,137.47624996185303,0.016490102603735624,3.3519012607472543
153.7100067138672,158.6699981689453,153.0500030517578,157.8699951171875,155.49655151367188,137827700,147.14079986572267,137.57864994049072,0.02853599235957094,3.6576397353564505
157.64999389648438,161.02000427246094,156.52999877929688,160.5500030517578,158.13623046875,117305600,147.37239990234374,137.69759998321533,0.016976043690765552,4.088099131923817
161.67999267578125,165.6999969482422,161.0,161.02000427246094,158.59918212890625,117467900,147.60179992675782,137.8181499862671,0.002927444483147079,4.43177142833405
161.1199951171875,161.8000030517578,159.05999755859375,161.41000366210938,158.9833526611328,96041900,147.86760009765624,137.94515003204344,0.0024220555167078217,4.619980397725634
160.75,162.13999938964844,159.63999938964844,161.94000244140625,159.50534057617188,69463600,148.12580017089843,138.07790004730225,0.003283555958565998,4.701536318391985
159.57000732421875,160.4499969482422,156.36000061035156,156.80999755859375,154.45248413085938,76959800,148.28620025634766,138.18630001068115,-0.031678429081589354,4.586827739930216
159.3699951171875,161.19000244140625,158.7899932861328,160.24000549316406,157.83091735839844,88748200,148.56980041503905,138.31065006256102,0.02187365594013646,4.655431621719366
159.99000549316406,165.52000427246094,159.9199981689453,165.3000030517578,162.81483459472656,174048100,149.0170004272461,138.4712000656128,0.031577617231232535,5.107464329055484
167.47999572753906,170.3000030517578,164.52999877929688,164.77000427246094,162.29281616210938,152052500,149.4438006591797,138.64085010528564,-0.003206284147078464,5.490195105433134
158.74000549316406,164.1999969482422,157.8000030517578,163.75999450683594,161.29795837402344,136739200,149.8020004272461,138.81110004425048,-0.006129815739731703,5.749107301838523
164.02000427246094,164.9600067138672,159.72000122070312,161.83999633789062,159.40684509277344,118023100,150.10220031738282,138.970950050354,-0.011724464053185835,5.8674189285967175
164.2899932861328,167.8800048828125,164.27999877929688,165.32000732421875,162.83453369140625,107497000,150.4702005004883,139.1675500869751,0.021502787105003085,6.104442815299164
169.0800018310547,171.5800018310547,168.33999633789062,171.17999267578125,168.6064453125,120405400,150.98640045166016,139.39415004730225,0.035446316791349686,6.679162682151039
172.1300048828125,175.9600067138672,170.6999969482422,175.0800018310547,172.4477996826172,116998900,151.64980041503907,139.6428000640869,0.02278308985945654,7.4596227436120115
174.91000366210938,176.75,173.9199981689453,174.55999755859375,171.9355926513672,108923700,152.28440032958986,139.91065006256105,-0.0029700951966102895,8.016270454888312
175.2100067138672,179.6300048828125,174.69000244140625,179.4499969482422,176.75210571289062,115402700,153.04340026855468,140.2016000366211,0.028013287454401015,8.923170455403676
181.1199951171875,182.1300048828125,175.52999877929688,175.74000549316406,173.097900390625,153237000,153.70520050048827,140.4413500595093,-0.020674235264256824,9.331505780191044
175.25,177.74000549316406,172.2100067138672,174.3300018310547,171.70904541015625,139380400,154.4090005493164,140.68740005493163,-0.008023236702153325,9.534286855063895
175.11000061035156,179.5,172.30999755859375,179.3000030517578,176.60433959960938,131063300,155.17280059814453,140.97360008239747,0.02850915601733095,9.97831740711696
179.27999877929688,181.13999938964844,170.75,172.25999450683594,169.670166015625,150185800,155.77800048828124,141.23425006866455,-0.039263850669816525,10.026399272786511
169.92999267578125,173.47000122070312,169.69000244140625,171.13999938964844,168.56704711914062,195432700,156.33500061035156,141.48285007476807,-0.006501771466984829,9.968209712616165
168.27999877929688,170.5800018310547,167.4600067138672,169.75,167.19793701171875,107499100,156.87200073242187,141.74980007171632,-0.00812200183829448,9.838612601847455
171.55999755859375,173.1999969482422,169.1199951171875,172.99000549316406,170.3892059326172,91185900,157.4756008911133,142.00930011749267,0.01908692484927288,9.719432014899658
173.0399932861328,175.86000061035156,172.14999389648438,175.63999938964844,172.9993438720703,92135300,158.15820098876952,142.28760009765625,0.01531876878626437,9.650608311421976
175.85000610351562,176.85000610351562,175.27000427246094,176.27999877929688,173.62974548339844,68356600,158.86560089111327,142.55920009613038,0.0036438134358485197,9.363620091235077
177.08999633789062,180.4199981689453,177.07000732421875,180.3300018310547,177.61888122558594,74919600,159.59700103759766,142.85570011138915,0.022974830268908786,9.145471540126028
180.16000366210938,181.3300018310547,178.52999877929688,179.2899932861328,176.59446716308594,79144300,160.2860009765625,143.13220008850098,-0.00576725189575622,8.88854361587065
179.3300018310547,180.6300048828125,178.13999938964844,179.3800048828125,176.6831512451172,62348900,160.9426010131836,143.40125011444093,0.0005020447322792165,8.513506792463813
179.47000122070312,180.57000732421875,178.08999633789062,178.1999969482422,175.52088928222656,59773000,161.53140106201172,143.66845008850098,-0.006578257901939555,8.031181580009283
178.08999633789062,179.22999572753906,177.25999450683594,177.57000732421875,174.90036010742188,64062300,162.09760131835938,143.95365013122557,-0.0035352953693170708,7.586858257380145
177.8300018310547,182.8800048828125,177.7100067138672,182.00999450683594,179.2736053466797,104487900,162.7482012939453,144.2637501144409,0.025004150472947684,7.523800388336316
182.6300048828125,182.94000244140625,179.1199951171875,179.6999969482422,176.9983367919922,99310400,163.36840118408202,144.54530010223388,-0.012691597320536152,7.425843210892767
179.61000061035156,180.1699981689453,174.63999938964844,174.9199981689453,172.2902069091797,94537600,163.89400115966797,144.80720008850096,-0.02659988236212174,7.175397654821637
172.6999969482422,175.3000030517578,171.63999938964844,172.0,169.4141082763672,96904000,164.3476010131836,145.06675010681153,-0.016693335236175,6.89045161432221
172.88999938964844,174.13999938964844,171.02999877929688,172.1699981689453,169.58155822753906,86709100,164.81400085449218,145.3246501159668,0.0009883614473564784,6.60368690998903
169.0800018310547,172.5,168.1699981689453,172.19000244140625,169.6012420654297,106765600,165.20640075683593,145.57955013275148,0.00011618907285648739,5.88457069011163
172.32000732421875,175.17999267578125,170.82000732421875,175.0800018310547,172.4477996826172,76138300,165.71200073242187,145.8480001449585,0.016783781570778755,5.355520681441471
176.1199951171875,177.17999267578125,174.82000732421875,175.52999877929688,172.89102172851562,74805200,166.24340057373047,146.1261501312256,0.0025702361408266317,5.121642759122634
175.77999877929688,176.6199951171875,171.7899932861328,172.19000244140625,169.6012420654297,84505800,166.68680053710938,146.37635013580322,-0.019028065636177538,4.828375036190353
171.33999633789062,173.77999877929688,171.08999633789062,173.07000732421875,170.468017578125,80440800,167.11840057373047,146.6267001724243,0.005110661887074208,4.408077219828147
171.50999450683594,172.5399932861328,169.41000366210938,169.8000030517578,167.24717712402344,90956700,167.4952005004883,146.8462001800537,-0.018894112983626976,3.811748576269001
170.0,171.0800018310547,165.94000244140625,166.22999572753906,163.73085021972656,94815000,167.79420043945314,147.04630016326905,-0.021024777738847034,3.735901619189143
166.97999572753906,169.67999267578125,164.17999267578125,164.50999450683594,162.0366973876953,91420500,168.0756002807617,147.22935012817382,-0.010347117036099251,4.142058224434709
164.4199981689453,166.3300018310547,162.3000030517578,162.41000366210938,159.96829223632812,122848900,168.30760040283204,147.38960014343263,-0.01276512622240289,4.708135094390851
160.02000427246094,162.3000030517578,154.6999969482422,161.6199951171875,159.19015502929688,162294600,168.58160034179687,147.53270011901856,-0.00486428500159064,5.242786853662298
158.97999572753906,162.75999450683594,157.02000427246094,159.77999877929688,157.37777709960938,115798400,168.81980041503905,147.6754000854492,-0.011384707297859231,5.724342624042693
163.5,164.38999938964844,157.82000732421875,159.69000244140625,157.28915405273438,108275300,169.0138003540039,147.80170013427735,-0.0005632515870458432,6.206573857769441
162.4499969482422,163.83999633789062,158.27999877929688,159.22000122070312,156.82626342773438,121954600,169.19820037841797,147.93765014648437,-0.0029432100539642514,6.661563044191312
165.7100067138672,170.35000610351562,162.8000030517578,170.3300018310547,167.76922607421875,179935700,169.58480041503907,148.11680015563965,0.06977766942076213,6.529177385226429
170.16000366210938,175.0,169.50999450683594,174.77999877929688,172.1522979736328,115541600,170.0106002807617,148.31990013122558,0.026125737688043937,6.550905805769387
174.00999450683594,174.83999633789062,172.30999755859375,174.61000061035156,171.98487854003906,86213900,170.345400390625,148.5187501525879,-0.0009726408635577499,6.567151040130523
174.75,175.8800048828125,173.3300018310547,175.83999633789062,173.19639587402344,84914300,170.65120025634766,148.73240013122557,0.007044245594408194,6.587940635449532
174.47999572753906,176.24000549316406,172.1199951171875,172.89999389648438,170.3005828857422,89418100,170.88880004882813,148.929400100708,-0.016719759455390393,6.587610278947124
171.67999267578125,174.10000610351562,170.67999267578125,172.38999938964844,170.01458740234375,82465400,171.1083999633789,149.13165008544922,-0.0029496502304173777,6.556458388362787
172.86000061035156,173.9499969482422,170.9499969482422,171.66000366210938,169.2946319580078,77251200,171.30279998779298,149.31835006713868,-0.004234559603942367,6.5098099345159905
171.72999572753906,175.35000610351562,171.42999267578125,174.8300018310547,172.42095947265625,74829200,171.6632000732422,149.51890007019043,0.018466725511581794,6.3418228109777
176.0500030517578,176.64999389648438,174.89999389648438,176.27999877929688,173.85096740722656,71285000,171.98399993896484,149.72835006713868,0.008293753549481586,6.242211975208362
174.13999938964844,175.47999572753906,171.5500030517578,172.1199951171875,169.748291015625,90865900,172.12039978027343,149.92105003356934,-0.02359884099680365,6.072478491222532
172.3300018310547,173.0800018310547,168.0399932861328,168.63999938964844,166.31625366210938,98670700,172.1977996826172,150.09685005187987,-0.020218427993619836,5.956002174900648
167.3699951171875,169.5800018310547,166.55999755859375,168.8800048828125,166.55294799804688,86185500,172.30019989013672,150.2839500427246,0.0014231824835904128,5.8425164522703446
170.97000122070312,172.9499969482422,170.25,172.7899932861328,170.4090576171875,62527400,172.51919982910155,150.4852000427246,0.023152465006342826,5.4653317167297555
171.85000610351562,173.33999633789062,170.0500030517578,172.5500030517578,170.17236328125,61177400,172.66379974365233,150.7087000656128,-0.0013889128057177347,5.201581616290512
171.02999877929688,171.91000366210938,168.47000122070312,168.8800048828125,166.55294799804688,69589300,172.61779998779298,150.9126000595093,-0.021269186346200564,5.133047306556901
169.82000732421875,170.5399932861328,166.19000244140625,167.3000030517578,164.9947052001953,82772700,172.46220001220703,151.10040004730226,-0.009355766137921773,5.14473723671635
164.97999572753906,166.69000244140625,162.14999389648438,164.32000732421875,162.0557861328125,91162800,172.25740020751954,151.270950050354,-0.017812287347162448,5.2265083572298145
165.5399932861328,166.14999389648438,159.75,160.07000732421875,157.86434936523438,90009200,171.86980041503907,151.4370500946045,-0.02586416632525068,5.487750749588621
152.5800018310547,162.85000610351562,152.0,162.74000549316406,160.49752807617188,141147500,171.60980041503908,151.62120010375978,0.01668019020913314,5.500220200634242
163.83999633789062,165.1199951171875,160.8699951171875,164.85000610351562,162.57846069335938,91974200,171.42020050048828,151.83160015106202,0.012965469700934706,5.398669291733673
163.05999755859375,165.4199981689453,162.42999267578125,165.1199951171875,162.84474182128906,95056600,171.13660034179688,152.03235012054444,0.0016377858882354879,5.386757098174161
164.6999969482422,166.60000610351562,161.97000122070312,163.1999969482422,160.95123291015625,83474400,170.955400390625,152.21110012054444,-0.011627896231359958,5.385124553825306
164.38999938964844,167.36000061035156,162.9499969482422,166.55999755859375,164.264892578125,79724800,170.8638003540039,152.41255012512207,0.02058823941900667,5.37911845136781
168.47000122070312,168.91000366210938,165.5500030517578,166.22999572753906,163.939453125,76678400,170.79340026855468,152.61945011138917,-0.001981279033932526,5.37911845136781
164.49000549316406,165.5500030517578,162.10000610351562,163.1699981689453,160.92160034179688,83737200,170.5970001220703,152.81185009002687,-0.01840821534766368,5.413150458961236
163.36000061035156,165.02000427246094,159.0399932861328,159.3000030517578,157.10494995117188,96418800,170.2702001953125,152.97180011749268,-0.02371756548762427,5.547877708550641
158.82000732421875,162.8800048828125,155.8000030517578,157.44000244140625,155.2705841064453,131148300,169.8934002685547,153.13185012817382,-0.011676086470301161,5.754190717614648
161.47999572753906,163.41000366210938,159.41000366210938,162.9499969482422,160.70462036132812,91454900,169.54580017089845,153.31110012054444,0.034997423916368176,5.634466276163693
160.1999969482422,160.38999938964844,155.97999572753906,158.52000427246094,156.3357391357422,105342000,169.130400390625,153.46920013427734,-0.027186209013482565,5.6952177410462905
158.92999267578125,159.27999877929688,154.5,154.72999572753906,152.59788513183594,96970100,168.63740020751953,153.60860012054442,-0.02390870831928371,5.975556432454779
151.4499969482422,154.1199951171875,150.10000610351562,150.6199951171875,148.54454040527344,108732100,168.08580017089844,153.73530010223388,-0.026562403695717718,6.690566893366032
150.89999389648438,155.57000732421875,150.3800048828125,155.08999633789062,152.9529571533203,92964300,167.63619995117188,153.88770008087158,0.029677342754030223,6.845642710933026
157.0500030517578,160.0,154.4600067138672,159.58999633789062,157.3909454345703,102300200,167.18779998779297,154.06425006866456,0.02901541109199557,6.7544213572780265
158.61000061035156,161.0,157.6300048828125,160.6199951171875,158.40675354003906,75615400,166.80619995117186,154.24205005645751,0.006454030972694147,6.5306920343774895
160.50999450683594,164.47999572753906,159.75999450683594,163.97999572753906,161.72047424316406,123511700,166.58739990234375,154.44425003051757,0.020918943546848645,6.366418791194226
163.50999450683594,166.35000610351562,163.00999450683594,165.3800048828125,163.1011962890625,95811400,166.455,154.6417000579834,0.008537682593916074,6.206674062546349
165.50999450683594,169.4199981689453,164.91000366210938,168.82000732421875,166.4937744140625,81532000,166.38800018310548,154.8563000869751,0.0208005946295855,6.116497953864687
167.99000549316406,172.63999938964844,167.64999389648438,170.2100067138672,167.86463928222656,98062700,166.34840026855468,155.07365013122558,0.008233617636201895,5.902349595817971
171.05999755859375,174.13999938964844,170.2100067138672,174.07000732421875,171.6714324951172,90131400,166.32820037841796,155.30835018157958,0.02267787120671727,5.76060150942988
173.8800048828125,175.27999877929688,172.75,174.72000122070312,172.31248474121094,80546200,166.3120004272461,155.55140018463135,0.003734094727035453,5.900307395129916
172.1699981689453,175.72999572753906,172.0,175.60000610351562,173.1803436279297,90371900,166.3802005004883,155.79265022277832,0.005036657947940837,6.202750335376861
176.69000244140625,179.00999450683594,176.33999633789062,178.9600067138672,176.4940643310547,100589400,166.49800048828126,156.03505027770996,0.019134399166084615,6.695474764056086
178.5500030517578,179.61000061035156,176.6999969482422,177.77000427246094,175.32044982910156,92633200,166.65740051269532,156.27570030212402,-0.006649544014093012,6.9534219972268465
177.83999633789062,178.02999877929688,174.39999389648438,174.61000061035156,172.20399475097656,103049300,166.82500061035157,156.49800033569335,-0.017775797863323284,7.039050958518109
174.02999877929688,174.8800048828125,171.94000244140625,174.30999755859375,171.90811157226562,78751300,167.02100067138673,156.71060035705565,-0.0017181321270783867,7.205303720756008
174.57000732421875,178.49000549316406,174.44000244140625,178.44000244140625,175.981201171875,76468400,167.34160064697267,156.95050033569336,0.023693448113463633,7.585659537983116
177.5,178.3000030517578,174.4199981689453,175.05999755859375,172.6477813720703,73401800,167.6104006958008,157.16430030822755,-0.018941968373500706,7.767918295062775
172.36000061035156,173.6300048828125,170.1300048828125,171.8300018310547,169.4623260498047,89058800,167.85140075683594,157.35355033874512,-0.018450792714411857,7.7503057502978105
171.16000366210938,173.36000061035156,169.85000610351562,172.13999938964844,169.76800537109375,77594700,168.10040069580077,157.54575035095215,0.0018040944846089424,7.783705856983529
171.77999877929688,171.77999877929688,169.1999969482422,170.08999633789062,167.7462615966797,76575500,168.31780059814454,157.72915031433106,-0.01190892912179875,7.797305017265986
168.7100067138672,169.02999877929688,165.5,165.75,163.466064453125,72246700,168.22620056152343,157.8923503112793,-0.025515882364234077,7.792995068405994
168.02000427246094,169.8699951171875,166.63999938964844,167.66000366210938,165.34976196289062,79265200,168.0838006591797,158.05675033569335,0.01152340067637625,7.760635139899437
167.38999938964844,171.0399932861328,166.77000427246094,170.39999389648438,168.052001953125,70618900,167.99960052490235,158.2271002960205,0.016342539511671417,7.782364656069901
170.6199951171875,171.27000427246094,165.0399932861328,165.2899932861328,163.01239013671875,75329400,167.7886004638672,158.36875022888182,-0.02998826756681583,7.7885806061696865
163.9199981689453,166.60000610351562,163.57000732421875,165.07000732421875,162.79542541503906,69023900,167.6320007324219,158.50775024414062,-0.0013309091345490298,7.762046030455283
165.02000427246094,167.82000732421875,163.91000366210938,167.39999389648438,165.09332275390625,67723800,167.5322006225586,158.6449501800537,0.014115141872437453,7.613607692593699
168.75999450683594,168.8800048828125,166.10000610351562,167.22999572753906,164.92567443847656,67929800,167.4436004638672,158.7710001373291,-0.0010155207595194948,7.370337881473164
168.91000366210938,171.52999877929688,165.91000366210938,166.4199981689453,164.12681579589844,87227800,167.275400390625,158.88025009155274,-0.004843614060203949,7.317060519835725
166.4600067138672,167.8699951171875,161.5,161.7899932861328,159.56063842773438,84882400,166.98560028076173,158.97300003051757,-0.02782120498590701,7.194098301740896
161.1199951171875,163.1699981689453,158.4600067138672,162.8800048828125,160.6356201171875,96046400,166.80080047607422,159.06185005187987,0.006737200333224225,6.8148431904473705
162.25,162.33999633789062,156.72000122070312,156.8000030517578,154.63938903808594,95623200,166.5640005493164,159.12335006713866,-0.03732810442527357,6.335616930325644
155.91000366210938,159.7899932861328,155.3800048828125,156.57000732421875,154.41256713867188,88063200,166.31780059814454,159.1780001068115,-0.001466809458308127,6.231706185315404
159.25,164.52000427246094,158.92999267578125,163.63999938964844,161.3851318359375,130216800,166.13480072021486,159.25045013427734,0.04515546870218534,6.070480241278085
161.83999633789062,166.1999969482422,157.25,157.64999389648438,155.47769165039062,131747600,165.83680053710938,159.29630012512206,-0.036604775821961866,6.230321548494851
156.7100067138672,158.22999572753906,153.27000427246094,157.9600067138672,155.78341674804688,123055300,165.61840057373047,159.35415016174318,0.0019664626031408172,6.479055631532484
158.14999389648438,160.7100067138672,156.32000732421875,159.47999572753906,157.28245544433594,88966500,165.4620004272461,159.43930015563964,0.009622619328101267,6.663445516576062
159.6699981689453,166.47999572753906,159.25999450683594,166.02000427246094,163.73236083984375,108256500,165.49600036621095,159.53865020751954,0.0410083315784322,6.675326128648816
163.85000610351562,164.0800018310547,154.9499969482422,156.77000427246094,154.6098175048828,130525300,165.43000030517578,159.59550025939942,-0.05571617733980727,6.9794320541346115
156.00999450683594,159.44000244140625,154.17999267578125,157.27999877929688,155.34066772460938,116124600,165.32080017089845,159.6479002380371,0.0032531383104996703,7.126465982790828
154.92999267578125,155.8300018310547,151.49000549316406,152.05999755859375,150.18502807617188,131577900,165.065,159.6654002380371,-0.03318922470255159,7.4919336979468
155.52000427246094,156.74000549316406,152.92999267578125,154.50999450683594,152.60484313964844,115366700,164.85279998779296,159.69300018310548,0.01611204121779708,7.590730439140875
153.5,155.4499969482422,145.80999755859375,146.5,144.693603515625,142689800,164.51880004882813,159.69165016174315,-0.05184127106082803,7.944776443246625
142.77000427246094,146.1999969482422,138.8000030517578,142.55999755859375,140.8021697998047,182602000,164.03880004882814,159.67955017089844,-0.026894214617107504,8.519130361784212
144.58999633789062,148.10000610351562,143.11000061035156,147.11000061035156,145.2960662841797,113990900,163.65640014648437,159.68690017700195,0.03191640803646689,8.7556126168824
145.5500030517578,147.52000427246094,144.17999267578125,145.5399932861328,143.7454376220703,86643800,163.30380004882812,159.68530014038086,-0.010672335787539122,8.99605314130355
148.86000061035156,149.77000427246094,146.67999267578125,149.24000549316406,147.39984130859375,78336300,163.10260009765625,159.7039001464844,0.02542264929033622,8.685119930229874
146.85000610351562,147.36000061035156,139.89999389648438,140.82000732421875,139.08364868164062,109742900,162.7702001953125,159.67120018005372,-0.056419176219683176,8.967725871920795
139.8800048828125,141.66000366210938,136.60000610351562,137.35000610351562,135.65643310546875,136095600,162.25820037841797,159.6232002258301,-0.024641393553644142,9.522941615878667
139.08999633789062,140.6999969482422,132.61000061035156,137.58999633789062,135.89344787597656,137426100,161.83960021972655,159.57585021972656,0.0017472895792529641,9.8781052364434
137.7899932861328,143.25999450683594,137.64999389648438,143.11000061035156,141.3454132080078,117726300,161.60720031738282,159.5607002258301,0.04011922682885327,9.890466931124987
140.80999755859375,141.97000122070312,137.3300018310547,140.36000061035156,138.62930297851562,104132700,161.4020004272461,159.5320502471924,-0.019215987619813357,10.135598673753632
138.42999267578125,141.7899932861328,138.33999633789062,140.52000427246094,138.787353515625,92482700,161.1106005859375,159.5066502380371,0.0011399519906925004,10.217720026211055
137.38999938964844,144.33999633789062,137.13999938964844,143.77999877929688,142.00711059570312,90601500,160.79440063476562,159.49625022888185,0.02319950475175747,9.944280593017009
145.38999938964844,149.67999267578125,145.25999450683594,149.63999938964844,147.79490661621094,90978500,160.57480072021485,159.50000022888185,0.04075671623385313,9.720207709739961
149.07000732421875,150.66000366210938,146.83999633789062,148.83999633789062,147.0047607421875,103718400,160.27200073242187,159.4987001800537,-0.005346184543042365,9.48097936896663
149.89999389648438,151.74000549316406,147.67999267578125,148.7100067138672,146.87635803222656,74286600,159.93860076904298,159.4866502380371,-0.0008733514325567349,9.079164887661635
147.8300018310547,151.27000427246094,146.86000061035156,151.2100067138672,149.3455352783203,72348100,159.58640075683593,159.49175025939942,0.016811242600575316,8.608868964502616
146.89999389648438,147.97000122070312,144.4600067138672,145.3800048828125,143.58741760253906,88570300,159.08980072021484,159.48685028076173,-0.03855566147871903,8.191976723951155
147.02999877929688,148.57000732421875,144.89999389648438,146.13999938964844,144.3380584716797,71598400,158.53120056152343,159.48405029296876,0.005227641225136415,7.957834216782122
144.35000610351562,149.0,144.10000610351562,148.7100067138672,146.87635803222656,67808200,158.0110006713867,159.48665031433106,0.017585926747997416,7.591397486149299
148.5800018310547,149.8699951171875,147.4600067138672,147.9600067138672,146.1356201171875,53950200,157.45820068359376,159.47790031433107,-0.005043372780172639,7.478160835167175
147.0800018310547,147.9499969482422,142.52999877929688,142.63999938964844,140.88119506835938,69473000,156.73180053710936,159.44300033569337,-0.0359557115626985,7.45219758983466
140.27999877929688,140.75999450683594,137.05999755859375,137.1300048828125,135.4391326904297,91437900,155.9190005493164,159.38685035705566,-0.038628677302390724,7.220749645362998
132.8699951171875,135.1999969482422,131.44000244140625,131.8800048828125,130.25387573242188,122207100,155.06440063476563,159.30855041503906,-0.03828483784046022,7.568191853863277
133.1300048828125,133.88999938964844,131.47999572753906,132.75999450683594,131.1230010986328,84784300,154.23340057373048,159.22935035705567,0.006672653862921818,7.73251171778375
134.2899932861328,137.33999633789062,132.16000366210938,135.42999267578125,133.7600860595703,91533000,153.37320037841798,159.14090034484863,0.020111466401181888,7.5733056510441426
132.0800018310547,132.38999938964844,129.0399932861328,130.05999755859375,128.456298828125,108123900,152.47320037841797,159.03205032348632,-0.039651446559871295,7.055509239614579
130.07000732421875,133.0800018310547,129.80999755859375,131.55999755859375,129.93780517578125,134520300,151.66780029296876,158.9273003387451,0.011533138767930717,7.030968252038585
133.4199981689453,137.05999755859375,133.32000732421875,135.8699951171875,134.19468688964844,81000500,150.94240020751954,158.83840034484862,0.032760699593918474,6.665970377024505
134.7899932861328,137.75999450683594,133.91000366210938,135.35000610351562,133.6811065673828,73409200,150.24760040283203,158.7436503601074,-0.003827107031419197,6.565709412390839
136.82000732421875,138.58999633789062,135.6300048828125,138.27000427246094,136.5650634765625,72433800,149.69800048828125,158.6515503692627,0.021573683319320303,6.180369852058793
139.89999389648438,141.91000366210938,139.77000427246094,141.66000366210938,139.91326904296875,89116800,149.17800048828124,158.5843003845215,0.024517243689154977,6.11448831217152
142.6999969482422,143.49000549316406,140.97000122070312,141.66000366210938,139.91326904296875,70207900,148.60320068359374,158.52225036621093,0.0,6.1116842884381875
142.1300048828125,143.4199981689453,137.32000732421875,137.44000244140625,135.74534606933594,67083400,148.04620086669922,158.46460037231446,-0.029789645006425114,6.062739717208983
137.4600067138672,140.6699981689453,136.6699981689453,139.22999572753906,137.51324462890625,66242400,147.52940063476564,158.41300033569337,0.013023815878466127,6.016994244363247
137.25,138.3699951171875,133.77000427246094,136.72000122070312,135.0341796875,98964500,146.91580078125,158.35600036621094,-0.01802768500939822,5.8585878471751105
136.0399932861328,139.0399932861328,135.66000366210938,138.92999267578125,137.21694946289062,71051600,146.34980072021483,158.30550033569335,0.016164360995803317,5.866216045619731
137.77000427246094,141.61000061035156,136.92999267578125,141.55999755859375,139.81451416015625,73353800,145.8526007080078,158.26935035705566,0.018930432746441683,5.837815962780956
141.35000610351562,144.1199951171875,141.0800018310547,142.9199981689453,141.1577606201172,74064300,145.47520080566406,158.25365036010743,0.009607238159132114,5.821931954703247
143.2899932861328,146.5500030517578,143.27999877929688,146.35000610351562,144.54547119140625,66253700,145.14460083007813,158.27070037841796,0.02399949607133145,5.8949408966646315
145.25999450683594,147.5500030517578,145.0,147.0399932861328,145.22694396972656,64547800,144.94940063476562,158.28875038146973,0.004714637197412497,5.996942630796713
145.6699981689453,146.63999938964844,143.77999877929688,144.8699951171875,143.0836944580078,63141600,144.715400390625,158.28385032653807,-0.014757877230874183,6.032956965354889
145.75999450683594,148.4499969482422,145.0500030517578,145.86000061035156,144.06149291992188,77588800,144.35980041503908,158.27900032043456,0.006833751132270249,6.073976292966142
142.99000549316406,146.4499969482422,142.1199951171875,145.49000549316406,143.69606018066406,71185600,144.11660064697264,158.27185035705565,-0.0025366455206311533,5.925101666151334
144.0800018310547,148.9499969482422,143.25,148.47000122070312,146.63931274414062,78140700,143.9268005371094,158.28735038757324,0.0204824772494705,5.90913109896729
149.77999877929688,150.86000061035156,148.1999969482422,150.1699981689453,148.318359375,76259900,143.7406005859375,158.32865036010742,0.011450103955445545,5.978363436788879
150.74000549316406,151.57000732421875,146.6999969482422,147.07000732421875,145.25657653808594,81420900,143.36160064697265,158.34985038757324,-0.020643210245224752,5.786191077183085
147.9199981689453,151.22999572753906,146.91000366210938,151.0,149.1381378173828,82982400,143.24620056152344,158.39735038757325,0.026721917998667744,6.0142559827225925
151.1199951171875,153.72000122070312,150.3699951171875,153.0399932861328,151.15293884277344,64823400,143.16140045166014,158.44930038452148,0.013509889312137924,6.327907050880849
154.5,155.57000732421875,151.94000244140625,155.35000610351562,153.43450927734375,65086600,143.2272006225586,158.53035041809082,0.015094177461599134,6.691912355576821
155.38999938964844,156.27999877929688,153.41000366210938,154.08999633789062,152.1900177001953,66675400,143.2188006591797,158.59525039672852,-0.008110780277571505,6.9743892511076275
154.00999450683594,155.0399932861328,152.27999877929688,152.9499969482422,151.06407165527344,53623900,143.34780059814454,158.65000038146974,-0.0073982699509488326,7.255580602053114
152.25999450683594,153.08999633789062,150.8000030517578,151.60000610351562,149.73074340820312,55138700,143.52860076904298,158.69155044555663,-0.0088263541788981,7.377280234563879
152.5800018310547,157.3300018310547,152.16000366210938,156.7899932861328,154.85671997070312,78620700,143.7222006225586,158.7610004425049,0.034234742570348864,7.504054669806625
156.97999572753906,157.63999938964844,154.41000366210938,157.35000610351562,155.40982055664062,81378700,143.95840087890625,158.83370048522949,0.0035717382573059453,7.61545219604506
161.24000549316406,163.6300048828125,159.5,162.50999450683594,160.50619506835938,101786900,144.2238006591797,158.9387004852295,0.03279306134837845,8.096494450982782
161.00999450683594,163.58999633789062,160.88999938964844,161.50999450683594,159.51852416992188,67829400,144.63760040283202,159.04170043945314,-0.00615346768692393,8.081276919323221
160.10000610351562,162.41000366210938,159.6300048828125,160.00999450683594,158.03701782226562,59907000,145.09080017089843,159.12295043945312,-0.009287350944318873,7.945158022176755
160.83999633789062,166.58999633789062,160.75,166.1300048828125,164.08157348632812,82507500,145.66160034179688,159.22940048217774,0.038247675683253046,8.345441544692099
166.00999450683594,167.19000244140625,164.42999267578125,165.80999755859375,163.7655029296875,55474100,146.11560028076173,159.32570045471192,-0.0019262464022948844,8.555826384580522
163.2100067138672,165.85000610351562,163.0,165.35000610351562,163.5380401611328,56697000,146.615400390625,159.40865051269532,-0.0027742082012610636,8.767524870488202
166.3699951171875,167.80999755859375,164.1999969482422,164.8699951171875,163.0632781982422,60276900,147.10240020751954,159.48670051574706,-0.0029029995077690662,9.000003896158804
164.02000427246094,165.82000732421875,163.25,164.9199981689453,163.1127166748047,63135500,147.5252001953125,159.5639005279541,0.0003032877615012364,9.161727372771042
167.67999267578125,169.33999633789062,166.89999389648438,169.24000549316406,167.3854217529297,70170500,147.91720031738282,159.66665054321288,0.026194563256017656,9.27631114515265
170.05999755859375,170.99000549316406,168.19000244140625,168.49000549316406,166.6436309814453,57149200,148.3102005004883,159.76590057373048,-0.0044315763156265175,9.326823367500506
169.82000732421875,172.1699981689453,169.39999389648438,172.10000610351562,170.2140655517578,68039400,148.77800048828124,159.87980056762694,0.021425606817361276,9.31875404080874
171.52000427246094,173.38999938964844,171.35000610351562,173.19000244140625,171.29209899902344,54091700,149.21760040283203,160.0015005493164,0.006333505515595528,9.372814113166438
172.77999877929688,173.7100067138672,171.66000366210938,173.02999877929688,171.1338653564453,56377100,149.77060028076173,160.1038005065918,-0.0009238620004263787,9.438251280261934
172.77000427246094,176.14999389648438,172.57000732421875,174.5500030517578,172.63719177246094,79542000,150.3388003540039,160.2275505065918,0.00878462857992468,9.548031006625703
173.75,174.89999389648438,173.1199951171875,174.14999389648438,172.24159240722656,62290100,150.84760009765625,160.3535004425049,-0.0022916594000563784,9.695484088421953
173.02999877929688,173.74000549316406,171.30999755859375,171.52000427246094,169.64041137695312,70346300,151.31880004882814,160.46100044250488,-0.015101864577650947,9.663973236729541
169.69000244140625,169.86000061035156,167.13999938964844,167.57000732421875,165.73370361328125,69026800,151.81740020751954,160.54140045166017,-0.023029365962279114,9.316930904783787
167.0800018310547,168.7100067138672,166.64999389648438,167.22999572753906,165.39743041992188,54147100,152.41940002441407,160.62275039672852,-0.0020290719210975805,8.944297117742552
167.32000732421875,168.11000061035156,166.25,167.52999877929688,165.69412231445312,53841500,153.13239990234376,160.7040003967285,0.001793954789346408,8.475225222707333
168.77999877929688,170.13999938964844,168.35000610351562,170.02999877929688,168.166748046875,51218200,153.87779998779297,160.80195037841796,0.014922700520600518,8.174961821830948
170.57000732421875,171.0500030517578,163.55999755859375,163.6199951171875,161.82696533203125,78961000,154.44160003662108,160.86600036621093,-0.03769925135640162,7.809317042661894
161.14999389648438,162.89999389648438,159.82000732421875,161.3800048828125,159.6115264892578,73314000,155.06800018310548,160.93330039978028,-0.013690198638440787,7.188570894369429
162.1300048828125,162.55999755859375,157.72000122070312,158.91000366210938,157.16860961914062,77906200,155.61500030517578,160.9885004425049,-0.015305497248539135,6.835613914049293
160.30999755859375,160.5800018310547,157.13999938964844,157.22000122070312,155.4971466064453,87991100,156.04200042724608,161.02465042114258,-0.010634965719336975,6.64094912381327
156.63999938964844,158.4199981689453,154.6699981689453,157.9600067138672,156.22900390625,74229900,156.49420043945312,161.0644504547119,0.004706815210650195,6.53592197028266
159.75,160.36000061035156,154.97000122070312,155.80999755859375,154.10256958007812,76957800,156.84500030517577,161.08850044250488,-0.013611098150736467,6.449453532628545
156.47000122070312,157.08999633789062,153.69000244140625,154.52999877929688,152.83657836914062,73714800,157.10240020751954,161.09370040893555,-0.008215126110989845,6.358158268918557
154.82000732421875,156.6699981689453,153.61000061035156,155.9600067138672,154.2509307861328,87449600,157.38840026855468,161.08415046691894,0.00925391798269981,6.09769109609082
154.63999938964844,156.36000061035156,152.67999267578125,154.4600067138672,152.76736450195312,84923800,157.7288003540039,161.05370048522948,-0.009617850316921195,6.214867705618638
155.47000122070312,157.82000732421875,154.75,157.3699951171875,155.64547729492188,68028800,158.09160034179686,161.03545043945311,0.01883975318420772,6.2140685646325835
159.58999633789062,164.25999450683594,159.3000030517578,163.42999267578125,161.63906860351562,104956000,158.62580017089843,161.04555038452148,0.038507960517385253,6.205840302103063
159.89999389648438,160.5399932861328,153.3699951171875,153.83999633789062,152.15415954589844,122656600,158.92400024414061,161.0050503540039,-0.05867953721882391,6.488898728567316
154.7899932861328,157.10000610351562,153.61000061035156,155.30999755859375,153.60806274414062,87965400,159.19900024414062,160.99755035400392,0.009555390377639084,6.651749054243851
154.64999389648438,155.24000549316406,151.3800048828125,152.3699951171875,150.7002716064453,90481100,159.38800018310548,160.95820030212403,-0.018929898188280392,6.9792563644723185
151.2100067138672,151.35000610351562,148.3699951171875,150.6999969482422,149.048583984375,162278800,159.475,160.88520027160644,-0.010960151095764759,7.3585129301005825
149.30999755859375,154.55999755859375,149.10000610351562,154.47999572753906,152.78712463378906,81474200,159.62380004882812,160.83375022888183,0.025082938658552933,7.516017009372207
153.39999389648438,158.0800018310547,153.0800018310547,156.89999389648438,155.1806182861328,107689800,159.86440002441407,160.79945022583007,0.01566544689199456,7.583041718744901
157.33999633789062,158.74000549316406,153.60000610351562,153.72000122070312,152.0354766845703,101696800,160.0216000366211,160.75885025024414,-0.02026764053209118,7.738650096768531
152.3800048828125,154.47000122070312,150.91000366210938,152.74000549316406,151.06622314453125,86652500,160.1666000366211,160.69595024108887,-0.006375199842290069,7.808548100563698
151.19000244140625,151.47000122070312,148.55999755859375,150.42999267578125,148.78150939941406,96029900,160.20579986572267,160.59220024108888,-0.015123823060790742,7.959341597627286
149.66000366210938,153.77000427246094,149.63999938964844,150.77000427246094,149.11778259277344,93339400,160.21779998779297,160.4706502532959,0.0022602646628622214,7.892292959392446
152.74000549316406,154.72000122070312,149.9499969482422,151.75999450683594,150.09693908691406,84442700,160.3115997314453,160.3566502380371,0.0065662280713738586,7.65703355151257
147.63999938964844,150.63999938964844,144.83999633789062,149.83999633789062,148.197998046875,146691400,160.28839965820313,160.20860023498534,-0.012651543479456517,7.426003953233533
146.10000610351562,146.72000122070312,140.67999267578125,142.47999572753906,140.91864013671875,128138200,160.07719970703124,160.04230018615723,-0.049119065604851575,7.39917512858565
141.27999877929688,143.10000610351562,138.0,138.1999969482422,136.68556213378906,124925300,159.73419952392578,159.86165016174317,-0.030039296095161427,7.569201658226186
138.2100067138672,143.07000732421875,137.69000244140625,142.4499969482422,140.88897705078125,114311700,159.50139953613282,159.6774001312256,0.030752533240588242,7.453475070821815
145.02999877929688,146.22000122070312,144.25999450683594,146.10000610351562,144.4989776611328,87830100,159.3643997192383,159.546600189209,0.02562309044204225,7.296926990543146
144.07000732421875,147.3800048828125,143.00999450683594,146.39999389648438,144.79568481445312,79471000,159.26039947509764,159.42290016174317,0.0020533044519943644,7.072539060778578
145.80999755859375,147.5399932861328,145.22000122070312,145.42999267578125,143.83628845214844,68402200,159.03319946289062,159.30130012512208,-0.0066256916744750205,6.7838005751663175
142.5399932861328,143.10000610351562,139.4499969482422,140.08999633789062,138.55484008789062,85925600,158.68799926757814,159.1368000793457,-0.03671867294799025,6.460722953872659
140.4199981689453,141.88999938964844,138.57000732421875,140.4199981689453,138.88119506835938,74899000,158.2461993408203,158.96070007324218,0.0023556416566585803,6.470868896509797
139.89999389648438,141.35000610351562,138.22000122070312,138.97999572753906,137.45700073242188,77033700,157.79559936523438,158.7742000579834,-0.01025496695758199,6.608118638917816
139.1300048828125,140.36000061035156,138.16000366210938,138.33999633789062,136.82400512695312,70433700,157.36219940185546,158.56425003051757,-0.004604974883602009,6.819505412170699
134.99000549316406,143.58999633789062,134.3699951171875,142.99000549316406,141.4230499267578,113224000,156.8993994140625,158.38275009155274,0.0336129050048255,6.815246444558155
144.30999755859375,144.52000427246094,138.19000244140625,138.3800048828125,136.86358642578125,88598000,156.35079956054688,158.17775009155272,-0.03224001981433555,6.9440389267221105
141.07000732421875,142.89999389648438,140.27000427246094,142.41000366210938,140.84939575195312,85250900,155.89199951171875,157.99880012512207,0.02912269574429982,6.932228654979916
145.49000549316406,146.6999969482422,140.61000061035156,143.75,142.17471313476562,99136600,155.469599609375,157.82970008850097,0.009409425626236034,6.899423324899383
141.69000244140625,144.9499969482422,141.5,143.86000061035156,142.2835235595703,61758300,155.04839965820312,157.63895011901855,0.0007652216372282528,6.792050986313054
143.02000427246094,145.88999938964844,142.64999389648438,143.38999938964844,141.81866455078125,64522000,154.53139953613282,157.4574001312256,-0.003267073673773546,6.726380093820835
142.8699951171875,147.85000610351562,142.64999389648438,147.27000427246094,145.6561737060547,86548600,154.10699951171875,157.31915016174315,0.027059103837980825,6.467121297612605
147.19000244140625,150.22999572753906,146.0,149.4499969482422,147.812255859375,75981900,153.65399932861328,157.20640014648438,0.014802693097965003,5.721006480839062
150.08999633789062,152.49000549316406,149.36000061035156,152.33999633789062,150.67059326171875,74732300,153.23699920654298,157.1072501373291,0.019337567404898115,5.663395916393832
150.9600067138672,151.99000549316406,148.0399932861328,149.35000610351562,147.71334838867188,88194300,152.76339935302735,156.99305015563965,-0.019627086164182295,5.452465281411035
148.07000732421875,149.0500030517578,144.1300048828125,144.8000030517578,143.2132110595703,109180200,152.16839935302735,156.84165016174316,-0.03046536903791064,5.346844402214612
148.1999969482422,157.5,147.82000732421875,155.74000549316406,154.03334045410156,164762400,151.80019958496095,156.7427001953125,0.07555250145606562,5.565418795676336
153.16000366210938,154.24000549316406,151.9199981689453,153.33999633789062,151.65963745117188,97943200,151.43659942626954,156.64845016479492,-0.015410357458724877,5.512282090141696
155.0800018310547,155.4499969482422,149.1300048828125,150.64999389648438,148.9990997314453,80379300,151.09819915771484,156.53635009765625,-0.0175427318745901,5.211832843158964
148.9499969482422,152.1699981689453,145.0,145.02999877929688,143.44068908691406,93604600,150.65419921875,156.41250007629395,-0.03730498071609045,5.017070173648294
142.05999755859375,142.8000030517578,138.75,138.8800048828125,137.35812377929688,97918500,150.08119934082032,156.27575012207032,-0.04240497792352105,5.004192847408231
142.08999633789062,142.6699981689453,134.3800048828125,138.3800048828125,137.09060668945312,140814800,149.4481994628906,156.1451001739502,-0.003600230288167805,5.07331166909399
137.11000061035156,139.14999389648438,135.6699981689453,138.9199981689453,137.62557983398438,83374600,148.95419952392578,156.02765014648438,0.003902249364639898,5.0732981091959894
140.41000366210938,141.42999267578125,137.49000549316406,139.5,138.2001495361328,89908500,148.51659942626952,155.91705017089845,0.004175078021159573,4.973401965151043
138.5,138.5500030517578,134.58999633789062,134.8699951171875,133.61329650878906,74917800,148.0357992553711,155.79250015258788,-0.03318999915994625,5.140220563584479
141.24000549316406,146.8699951171875,139.5,146.8699951171875,145.50152587890625,118854000,147.82879913330078,155.7284001159668,0.08897457132383879,5.165548813371483
145.82000732421875,150.00999450683594,144.3699951171875,149.6999969482422,148.30511474609375,93979700,147.66359893798827,155.68080009460448,0.019268754171310798,5.155738512025901
148.97000122070312,150.27999877929688,147.42999267578125,148.27999877929688,146.8983612060547,73374100,147.51299896240235,155.5705500793457,-0.009485625904429806,5.194526436676066
152.22000122070312,153.58999633789062,148.55999755859375,150.0399932861328,148.64198303222656,89868300,147.42319885253906,155.4468500518799,0.011869399253607638,5.286320691122363
149.1300048828125,149.8699951171875,147.2899932861328,148.7899932861328,147.40357971191406,64218300,147.2797985839844,155.31775001525878,-0.00833111207633952,5.332269922904052
146.42999267578125,151.47999572753906,146.14999389648438,150.72000122070312,149.3156280517578,80389400,147.20499847412108,155.19215003967284,0.01297135574741759,5.444398349835774
152.30999755859375,152.6999969482422,149.97000122070312,151.2899932861328,149.8803253173828,74829600,147.0833984375,155.0841000366211,0.003781794458686649,5.490477299386859
150.16000366210938,150.3699951171875,147.72000122070312,148.00999450683594,146.63087463378906,58724100,146.7749984741211,154.96220001220703,-0.02168020969565021,5.4360638073664225
148.1300048828125,150.4199981689453,146.92999267578125,150.17999267578125,148.78065490722656,51804100,146.7017984008789,154.8547999572754,0.014661159715434469,5.358496948950629
149.4499969482422,151.8300018310547,149.33999633789062,151.07000732421875,149.66236877441406,58301400,146.6169985961914,154.7359999847412,0.0059263196953200925,5.246084893990876
148.30999755859375,148.8800048828125,147.1199951171875,148.11000061035156,146.72996520996094,35195900,146.5317987060547,154.59514999389648,-0.01959360938875554,5.218742835156862
145.13999938964844,146.63999938964844,143.3800048828125,144.22000122070312,142.87620544433594,69246000,146.4021987915039,154.45565002441407,-0.02626425881856731,5.012346374653653
144.2899932861328,144.80999755859375,140.35000610351562,141.1699981689453,139.8546142578125,83763800,146.13599884033204,154.31830001831054,-0.021148266717113118,5.053378832554165
141.39999389648438,148.72000122070312,140.5500030517578,148.02999877929688,146.65069580078125,111380900,145.95859893798828,154.21404998779298,0.04859389884061516,5.0305372408458995
148.2100067138672,149.1300048828125,146.61000061035156,148.30999755859375,146.9281005859375,71250400,145.8503988647461,154.09165000915527,0.0018915002472865705,5.008194774796283
145.9600067138672,148.0,145.64999389648438,147.80999755859375,146.43276977539062,65447400,145.7517987060547,153.96794998168946,-0.0033713168918532155,4.966521090398932
147.77000427246094,150.9199981689453,145.77000427246094,146.6300048828125,145.2637481689453,68826400,145.67579895019531,153.85669998168945,-0.00798317228381984,4.9668617247226345
147.07000732421875,147.3000030517578,141.9199981689453,142.91000366210938,141.57839965820312,64727200,145.5185989379883,153.7347499847412,-0.025369986338581674,4.999761645782328
142.19000244140625,143.3699951171875,140.0,140.94000244140625,139.62677001953125,69721100,145.3021990966797,153.61784996032713,-0.013784907775671984,4.9972450141519404
142.36000061035156,143.52000427246094,141.10000610351562,142.64999389648438,141.32080078125,62128300,145.15839904785156,153.53074989318847,0.012132761639400691,5.0113875008180875
142.33999633789062,145.57000732421875,140.89999389648438,142.16000366210938,140.8354034423828,76097000,145.15199920654297,153.4278498840332,-0.0034349124103753015,5.059668889502915
142.6999969482422,144.5,141.05999755859375,144.49000549316406,143.14369201660156,70462700,145.2777993774414,153.32604988098146,0.01638999557563814,4.7270346106474435
149.5,149.97000122070312,144.24000549316406,145.47000122070312,144.11456298828125,93886200,145.33819946289063,153.22779991149903,0.006782446468835079,4.5033245961595805
145.35000610351562,146.66000366210938,141.16000366210938,143.2100067138672,141.87562561035156,82291200,145.28039947509765,153.12784996032715,-0.015535811424151502,4.412123678060885
141.11000061035156,141.8000030517578,136.02999877929688,136.5,135.22813415527344,98931900,145.08239959716798,152.97754997253418,-0.04685431463789913,4.690922634418103
136.69000244140625,137.64999389648438,133.72999572753906,134.50999450683594,133.25665283203125,160156900,144.86399963378906,152.81894996643067,-0.014578794821714758,4.946390473528638
135.11000061035156,135.1999969482422,131.32000732421875,132.3699951171875,131.1365966796875,79592600,144.709599609375,152.66494995117188,-0.01590959391154889,5.322421914649487
131.38999938964844,133.25,129.88999938964844,132.3000030517578,131.06727600097656,77432800,144.54719970703124,152.5299499511719,-0.0005287608069164396,5.690174816326043
132.97999572753906,136.80999755859375,132.75,135.4499969482422,134.18789672851562,85928000,144.4765997314453,152.41999992370606,0.023809477126406797,5.855354429381506
134.35000610351562,134.55999755859375,130.3000030517578,132.22999572753906,130.99789428710938,77852100,144.35439971923827,152.26639991760254,-0.02377261936693542,6.018524090900059
130.9199981689453,132.4199981689453,129.63999938964844,131.86000061035156,130.63136291503906,63814900,144.13179962158202,152.133099899292,-0.0027981178941416385,6.396421313027661
131.3800048828125,131.41000366210938,128.72000122070312,130.02999877929688,128.81842041015625,69007800,143.9647994995117,152.0095999145508,-0.01387836965405731,6.7527744408971735
129.6699981689453,131.02999877929688,125.87000274658203,126.04000091552734,124.86558532714844,85438400,143.63739944458007,151.88669994354248,-0.03068521034551308,7.346801598514518
127.98999786376953,130.47999572753906,127.7300033569336,129.61000061035156,128.40234375,75703700,143.3545994567871,151.75929996490478,0.02832433885189234,7.544036366068421
128.41000366210938,129.9499969482422,127.43000030517578,129.92999267578125,128.71934509277344,77034200,143.0759992980957,151.61099994659423,0.00246888406699175,7.705638620336252
